Grapheme	IPA
aba	a β a
abba	a bː a
abraba	a β r a β a
abrj	a β r j
abrs	a β r̥ s
ada	a ð a
addi	a dː ɪ
adrs	a ð r̥ s
ael	a e l
af	a ɸ
afagj	a ɸ a ɣ j
afaik	a ɸ ɛ k
afaírzj	a ɸ ɛ r z j
afar	a ɸ a r
afara	a ɸ a r a
afardags	a ɸ a r d a ɣ s
afargagg	a ɸ a r ɡ a ŋ ɡ
afarlaistj	a ɸ a r l ɛ s t j
afarsabbate	a ɸ a r s a bː a t e
afaruþþ	a ɸ a r u θː
afblindn	a ɸ b l ɪ n d n̥
afdailj	a ɸ d ɛ l j
afdaubn	a ɸ d ɔ β n̥
afdáuiþs	a ɸ d ɔ ɪ θ s
afdauþj	a ɸ d ɔ θ j
afdōbn	a ɸ d o β n̥
afdōj	a ɸ d o j
afdōmeins	a ɸ d o m i n s
afdōmj	a ɸ d o m j
afdrausj	a ɸ d r ɔ s j
afdrugk	a ɸ d r u ŋ k
afdrugkja	a ɸ d r u ŋ k j a
afdumbn	a ɸ d u m b n̥
afēt	a ɸ e t
afētja	a ɸ e t j a
afēts	a ɸ e t s
affilh	a ɸː ɪ l h
afgagg	a ɸ ɡ a ŋ ɡ
afgibansik	a ɸ ɡ ɪ β a n s ɪ k
afgrundiþa	a ɸ ɡ r u n d ɪ θ a
afgrundus	a ɸ ɡ r u n d u s
afgudei	a ɸ ɡ u ð i
afguþs	a ɸ ɡ u θ s
afhabansik	a ɸ h a β a n s ɪ k
afhaimeis	a ɸ h ɛ m i s
afhamōn	a ɸ h a m o n
afhlaþ	a ɸ h l a θ
afhōlōn	a ɸ h o l o n
afhrainj	a ɸ h r ɛ n j
afhrisj	a ɸ h r ɪ s j
afhugj	a ɸ h u ɣ j
afƕapj	a ɸ ʍ a p j
afƕapn	a ɸ ʍ a p n̥
afit	a ɸ ɪ t
aflageins	a ɸ l a ɣ i n s
aflagj	a ɸ l a ɣ j
afleiþ	a ɸ l i θ
aflēt	a ɸ l e t
aflifn	a ɸ l ɪ ɸ n̥
aflinn	a ɸ l ɪ nː
afmait	a ɸ m ɛ t
afmarzeins	a ɸ m a r z i n s
afmarzj	a ɸ m a r z j
afmáuiþs	a ɸ m ɔ ɪ θ s
afmōj	a ɸ m o j
afnim	a ɸ n ɪ m
afqiþ	a ɸ kʷ ɪ θ
afsateins	a ɸ s a t i n s
afsatj	a ɸ s a t j
afskaid	a ɸ s k ɛ ð
afskiub	a ɸ s k ɪ u β
afslah	a ɸ s l a h
afslaupj	a ɸ s l ɔ p j
afslauþj	a ɸ s l ɔ θ j
afslauþn	a ɸ s l ɔ θ n̥
afstand	a ɸ s t a n d
afstass	a ɸ s t a sː
afswaggwj	a ɸ s w a ɡ ɡ w j
afswaírb	a ɸ s w ɛ r b
afta	a ɸ t a
aftana	a ɸ t a n a
aftarō	a ɸ t a r o
aftaúrn	a ɸ t ɔ r n̥
aftiuh	a ɸ t ɪ u h
aftra	a ɸ t r a
aftraanastōdeins	a ɸ t r a a n a s t o ð i n s
aftuma	a ɸ t u m a
aftumists	a ɸ t u m ɪ s t s
afþaúrsj	a ɸ θ ɔ r s j
afþliuh	a ɸ θ l ɪ u h
afþwah	a ɸ θ w a h
afwagj	a ɸ w a ɣ j
afwaírp	a ɸ w ɛ r p
afwalwj	a ɸ w a l w j
afwandj	a ɸ w a n d j
ag	a ɣ
agands	a ɣ a n d s
agatja	a ɣ a t j a
agei	a ɣ i
agga	a ŋ ɡ a
Aggils	a ŋ ɡ ɪ l s
aggilus	a ŋ ɡ ɪ l u s
aggwei	a ɡ ɡ w i
aggwiþa	a ɡ ɡ w ɪ θ a
aggwj	a ɡ ɡ w j
aggwus	a ɡ ɡ w u s
agi	a ɣ ɪ
agis	a ɣ ɪ s
agj	a ɣ j
agkja	a ŋ k j a
aglaitei	a ɣ l ɛ t i
aglaiteis	a ɣ l ɛ t i s
aglaitgastalds	a ɣ l ɛ t ɡ a s t a l d s
aglaiti	a ɣ l ɛ t ɪ
aglaitiwáurdei	a ɣ l ɛ t ɪ w ɔ r d i
aglaitiwáurds	a ɣ l ɛ t ɪ w ɔ r d s
agliþa	a ɣ l ɪ θ a
aglj	a ɣ l j
aglō	a ɣ l o
agls	a ɣ l̥ s
agluba	a ɣ l u β a
aglus	a ɣ l u s
agra	a ɣ r a
ags	a ɣ s
aha	a h a
ahaks	a h a k s
ahana	a h a n a
ahj	a h j
ahma	a h m a
ahmateins	a h m a t i n s
ahmatj	a h m a t j
ahmeins	a h m i n s
ahs	a h s
ahsa	a h s a
ahtau	a h t ɔ
ahtaudōgs	a h t ɔ ð o ɣ s
ahtautaihun	a h t ɔ t ɛ h u n
ahtautēhund	a h t ɔ t e h u n d
ahtuda	a h t u ð a
aƕa	a ʍ a
aids	ɛ ð s
aíffaþa	ɛ ɸː a θ a
aifrs	ɛ ɸ r̥ s
aig	ɛ ɣ
aigin	ɛ ɣ ɪ n
aiginōn	ɛ ɣ ɪ n o n
aigins	ɛ ɣ ɪ n s
aihtr	ɛ h t r̥
aihtrōn	ɛ h t r o n
aihtrōns	ɛ h t r o n s
aihts	ɛ h t s
aíƕatundi	ɛ ʍ a t u n d ɪ
aíƕs	ɛ ʍ s
aik	ɛ k
aíkklesjō	ɛ kː l e s j o
aiks	ɛ k s
aílōe	ɛ l o e
ainabaúr	ɛ n a β ɔ r
ainaha	ɛ n a h a
ainakls	ɛ n a k l̥ s
ainamundiþa	ɛ n a m u n d ɪ θ a
ainamunds	ɛ n a m u n d s
ainfalþaba	ɛ n ɸ a l θ a β a
ainfalþei	ɛ n ɸ a l θ i
ainfalþs	ɛ n ɸ a l θ s
ainƕarjizuh	ɛ n ʍ a r j ɪ z u h
ainƕaþaruh	ɛ n ʍ a θ a r u h
ainlif	ɛ n l ɪ ɸ
ains	ɛ n s
ainshun	ɛ n s h u n
aípiskaúpei	ɛ p ɪ s k ɔ p i
aípiskaúpus	ɛ p ɪ s k ɔ p u s
aípistaúle	ɛ p ɪ s t ɔ l e
air	ɛ r
airinōn	ɛ r ɪ n o n
airis	ɛ r ɪ s
airiza	ɛ r ɪ z a
aírknis	ɛ r k n ɪ s
aírkniþa	ɛ r k n ɪ θ a
aírkns	ɛ r k n̥ s
airmans	ɛ r m a n s
aírþa	ɛ r θ a
aírþakunds	ɛ r θ a k u n d s
aírþeins	ɛ r θ i n s
airus	ɛ r u s
aírzei	ɛ r z i
aírzeis	ɛ r z i s
aírziþa	ɛ r z ɪ θ a
aírzj	ɛ r z j
aiskōn	ɛ s k o n
aist	ɛ s t
aiþei	ɛ θ i
aiþs	ɛ θ s
aíþþau	ɛ θː ɔ
aiw	ɛ w
aíwaggēli	ɛ w a ŋ ɡ e l ɪ
aíwaggēlista	ɛ w a ŋ ɡ e l ɪ s t a
aíwaggēlj	ɛ w a ŋ ɡ e l j
aíwaggēljō	ɛ w a ŋ ɡ e l j o
aiweins	ɛ w i n s
aiwiski	ɛ w ɪ s k ɪ
aiwiskōn	ɛ w ɪ s k o n
aiwisks	ɛ w ɪ s k s
aíwlaúgia	ɛ w l ɔ ɣ ɪ a
aiws	ɛ w s
aíwxaristia	ɛ w χ a r ɪ s t ɪ a
aiz	ɛ z
aiza	ɛ z a
aizasmiþa	ɛ z a s m ɪ θ a
ajukdūþs	a j u k d u θ s
ajuks	a j u k s
ak	a k
akei	a k i
akēt	a k e t
akr	a k r̥
akranalaus	a k r a n a l ɔ s
akrs	a k r̥ s
ala	a l a
alabalstraún	a l a β a l s t r ɔ n
alabrunsts	a l a β r u n s t s
alakjis	a l a k j ɪ s
alakjō	a l a k j o
alamans	a l a m a n s
al	a l
alaþarba	a l a θ a r b a
alauds	a l ɔ ð s
albs	a l b s
alda	a l d a
aldōmō	a l d o m o
aldr	a l d r̥
alds	a l d s
alduma	a l d u m a
aleina	a l i n a
alēw	a l e w
alēwabagms	a l e w a β a ɣ m̥ s
alēwja	a l e w j a
alh	a l h
alhs	a l h s
ali	a l ɪ
alisi	a l ɪ s ɪ
alisna	a l ɪ s n a
alisō	a l ɪ s o
aliþs	a l ɪ θ s
aliza	a l ɪ z a
alja	a l j a
aljakuns	a l j a k u n s
aljaleikō	a l j a l i k o
aljaleikōþs	a l j a l i k o θ s
aljaleiks	a l j a l i k s
alj	a l j
aljanōn	a l j a n o n
aljar	a l j a r
aljaþ	a l j a θ
aljaþrō	a l j a θ r o
aljis	a l j ɪ s
allandjis	a lː a n d j ɪ s
allandjō	a lː a n d j o
allaþrō	a lː a θ r o
allawaúrstwa	a lː a w ɔ r s t w a
allawērei	a lː a w e r i
allawēreis	a lː a w e r i s
allis	a lː ɪ s
alls	a lː s
allwaldands	a lː w a l d a n d s
alþ	a l θ
alþeis	a l θ i s
amals	a m a l s
amen	a m e n
ams	a m s
ana	a n a
anaauk	a n a ɔ k
anabiud	a n a β ɪ u ð
anabūsns	a n a β u s n̥ s
anadrigk	a n a ð r ɪ ŋ k
anafilh	a n a ɸ ɪ l h
anagagg	a n a ɣ a ŋ ɡ
anahab	a n a h a β
anahaimeis	a n a h ɛ m i s
anahait	a n a h ɛ t
anahamōn	a n a h a m o n
anahasp	a n a h a s p
anahnaiwj	a n a h n ɛ w j
anahneiw	a n a h n i w
anaƕeil	a n a ʍ i l
anainsak	a n ɛ n s a k
anakaúrj	a n a k ɔ r j
anaks	a n a k s
anakumbj	a n a k u m b j
anakunnains	a n a k u nː ɛ n s
anakunn	a n a k u nː
analageins	a n a l a ɣ i n s
analagj	a n a l a ɣ j
analatj	a n a l a t j
analaugnei	a n a l ɔ ɣ n i
analaugniba	a n a l ɔ ɣ n ɪ β a
analaugns	a n a l ɔ ɣ n̥ s
analeikō	a n a l i k o
analeiks	a n a l i k s
anamahtj	a n a m a h t j
anamahts	a n a m a h t s
anamēlj	a n a m e l j
anaminds	a n a m ɪ n d s
an	a n
ananamnj	a n a n a m n j
anananþj	a n a n a n θ j
ananauþj	a n a n ɔ θ j
ananiuj	a n a n ɪ u j
ananiujiþa	a n a n ɪ u j ɪ θ a
anapragg	a n a p r a ŋ ɡ
anaqal	a n a kʷ a l
anaqil	a n a kʷ ɪ l
anaqim	a n a kʷ ɪ m
anaqiss	a n a kʷ ɪ sː
anaqiþ	a n a kʷ ɪ θ
anaqiuj	a n a kʷ ɪ u j
anasil	a n a s ɪ l
anasiuniba	a n a s ɪ u n ɪ β a
anasiuns	a n a s ɪ u n s
anaslaw	a n a s l a w
anaslēp	a n a s l e p
anastōdeins	a n a s t o ð i n s
anastōdj	a n a s t o ð j
anatimrj	a n a t ɪ m r j
anatj	a n a t j
anatrimp	a n a t r ɪ m p
anaþaíma	a n a θ ɛ m a
anaþiw	a n a θ ɪ w
anaþrafstj	a n a θ r a ɸ s t j
anawaírþs	a n a w ɛ r θ s
anawammj	a n a w a mː j
anawiljei	a n a w ɪ l j i
anawiljis	a n a w ɪ l j ɪ s
and	a n d
anda	a n d a
andabaúhts	a n d a β ɔ h t s
andabeit	a n d a β i t
andahafts	a n d a h a ɸ t s
andahait	a n d a h ɛ t
andalauni	a n d a l ɔ n ɪ
andanahti	a n d a n a h t ɪ
andaneiþa	a n d a n i θ a
andaneiþs	a n d a n i θ s
andanēm	a n d a n e m
andanēmeigs	a n d a n e m i ɣ s
andanēms	a n d a n e m s
andanumts	a n d a n u m t s
andasēts	a n d a s e t s
andastaþjis	a n d a s t a θ j ɪ s
andastaua	a n d a s t ɔ a
andaþāhts	a n d a θ a h t s
andaugi	a n d ɔ ɣ ɪ
andaugiba	a n d ɔ ɣ ɪ β a
andaugjō	a n d ɔ ɣ j o
andawaírþi	a n d a w ɛ r θ ɪ
andawaúrdi	a n d a w ɔ r d ɪ
andawizns	a n d a w ɪ z n̥ s
andawleizn	a n d a w l i z n̥
andawliti	a n d a w l ɪ t ɪ
andbahti	a n d b a h t ɪ
andbahtj	a n d b a h t j
andbahts	a n d b a h t s
andbeit	a n d b i t
andbind	a n d b ɪ n d
andbundn	a n d b u n d n̥
andeis	a n d i s
andhafj	a n d h a ɸ j
andhait	a n d h ɛ t
andhamōnsik	a n d h a m o n s ɪ k
andhausj	a n d h ɔ s j
andhrusk	a n d h r u s k
andhuleins	a n d h u l i n s
andhuliþs	a n d h u l ɪ θ s
andhulj	a n d h u l j
andi	a n d ɪ
andilaus	a n d ɪ l ɔ s
andizuh	a n d ɪ z u h
andj	a n d j
andlēt	a n d l e t
andlētn	a n d l e t n̥
andnim	a n d n ɪ m
andqiþ	a n d kʷ ɪ θ
andrinn	a n d r ɪ nː
andsaíƕ	a n d s ɛ ʍ
andsak	a n d s a k
andsakans	a n d s a k a n s
andsalj	a n d s a l j
andsit	a n d s ɪ t
andsōks	a n d s o k s
andspeiw	a n d s p i w
andstald	a n d s t a l d
andstand	a n d s t a n d
andstaúrr	a n d s t ɔ rː
andtilōn	a n d t ɪ l o n
andþagkjansik	a n d θ a ŋ k j a n s ɪ k
andwaírþi	a n d w ɛ r θ ɪ
andwaírþis	a n d w ɛ r θ ɪ s
andwaírþō	a n d w ɛ r θ o
andwaírþs	a n d w ɛ r θ s
andwasj	a n d w a s j
andwaúrdj	a n d w ɔ r d j
andweih	a n d w i h
anetiare	a n e t ɪ a r e
annō	a nː o
ans	a n s
anses	a n s e s
ansteigs	a n s t i ɣ s
ansts	a n s t s
ansula	a n s u l a
ansus	a n s u s
ant	a n t
anþar	a n θ a r
anþarleikei	a n θ a r l i k i
anþarleikō	a n θ a r l i k o
anþarleiks	a n θ a r l i k s
anþs	a n θ s
apaústaúlei	a p ɔ s t ɔ l i
apaústaúlus	a p ɔ s t ɔ l u s
apls	a p l̥ s
aqizi	a kʷ ɪ z ɪ
ara	a r a
Arabia	a r a β ɪ a
arbaidj	a r b ɛ ð j
arbaiþs	a r b ɛ θ s
arbi	a r b ɪ
arbinumja	a r b ɪ n u m j a
arbja	a r b j a
arbjō	a r b j o
arca	a r c a
areinsdags	a r i n s d a ɣ s
arga	a r ɡ a
args	a r ɡ s
arh	a r h
arha	a r h a
arƕa	a r ʍ a
arƕazna	a r ʍ a z n a
arj	a r j
arjausdags	a r j ɔ s d a ɣ s
arka	a r k a
arkaggilus	a r k a ŋ ɡ ɪ l u s
armahaírtei	a r m a h ɛ r t i
armahaírtiþa	a r m a h ɛ r t ɪ θ a
armahaírts	a r m a h ɛ r t s
armaiō	a r m ɛ o
arm	a r m̥
arms	a r m̥ s
arneis	a r n i s
arniba	a r n ɪ β a
arōmata	a r o m a t a
arþ	a r θ
arus	a r u s
arwjō	a r w j o
asans	a s a n s
Asia	a s ɪ a
asiluqaírnus	a s ɪ l u kʷ ɛ r n u s
asilus	a s ɪ l u s
aska	a s k a
asks	a s k s
asneis	a s n i s
asnō	a s n o
aspa	a s p a
assarjus	a sː a r j u s
astaþ	a s t a θ
asts	a s t s
at	a t
ataþni	a t a θ n ɪ
ataugj	a t ɔ ɣ j
atbaír	a t b ɛ r
atdrag	a t d r a ɣ
atdrius	a t d r ɪ u s
atfarj	a t ɸ a r j
atgagg	a t ɡ a ŋ ɡ
atgāhts	a t ɡ a h t s
atgaraíhtj	a t ɡ a r ɛ h t j
atgib	a t ɡ ɪ β
athabansikdu	a t h a β a n s ɪ k d u
athafj	a t h a ɸ j
athāh	a t h a h
athait	a t h ɛ t
atisk	a t ɪ s k
atj	a t j
atkunn	a t k u nː
atlagj	a t l a ɣ j
atlaþōn	a t l a θ o n
atlēweins	a t l e w i n s
atlēweis	a t l e w i s
atlig	a t l ɪ ɣ
atnēƕj	a t n e ʍ j
atnim	a t n ɪ m
atochta	a t o c h t a
atrinn	a t r ɪ nː
atsaíƕ	a t s ɛ ʍ
atsatj	a t s a t j
atsnarpj	a t s n a r p j
atsniw	a t s n ɪ w
atstand	a t s t a n d
atsteig	a t s t i ɣ
atta	a tː a
attēk	a tː e k
attiuh	a tː ɪ u h
atþins	a t θ ɪ n s
atugs	a t u ɣ s
atwaírp	a t w ɛ r p
atwalwj	a t w a l w j
atwandj	a t w a n d j
atwis	a t w ɪ s
atwitains	a t w ɪ t ɛ n s
atwit	a t w ɪ t
atwōpj	a t w o p j
aþal	a θ a l
aþals	a θ a l s
aþans	a θ a n s
aþn	a θ n̥
aþþ	a θː
audagei	ɔ ð a ɣ i
audagj	ɔ ð a ɣ j
audags	ɔ ð a ɣ s
audahafts	ɔ ð a h a ɸ t s
audsauþs	ɔ ð s ɔ θ s
aúftō	ɔ ɸ t o
augadaúrō	ɔ ɣ a ð ɔ r o
augj	ɔ ɣ j
augō	ɔ ɣ o
áuhjōdus	ɔ h j o ð u s
auhjōn	ɔ h j o n
aúhns	ɔ h n̥ s
aúhsa	ɔ h s a
aúhsus	ɔ h s u s
aúhuma	ɔ h u m a
auja	ɔ j a
auk	ɔ k
aukn	ɔ k n̥
aur	ɔ r
aurahi	ɔ r a h ɪ
aurahs	ɔ r a h s
aúrāli	ɔ r a l ɪ
aúrkeis	ɔ r k i s
aúrtigards	ɔ r t ɪ ɣ a r d s
aúrtja	ɔ r t j a
aúrts	ɔ r t s
aus	ɔ s
ausahriggs	ɔ s a h r ɪ ŋ ɡ s
ausō	ɔ s o
austra	ɔ s t r a
Austrogoti	ɔ s t r o ɣ o t ɪ
auþeis	ɔ θ i s
auþida	ɔ θ ɪ ð a
awa	a w a
awēþi	a w e θ ɪ
awi	a w ɪ
awiliudōn	a w ɪ l ɪ u ð o n
awiliuþ	a w ɪ l ɪ u θ
awistr	a w ɪ s t r̥
awō	a w o
aza	a z a
azētaba	a z e t a β a
azēti	a z e t ɪ
azēts	a z e t s
azgō	a z ɡ o
azwmus	a z w m u s
ba	b a
badi	b a ð ɪ
badu	b a ð u
baggwiþa	b a ɡ ɡ w ɪ θ a
bagks	b a ŋ k s
bagms	b a ɣ m̥ s
bai	b ɛ
baidj	b ɛ ð j
baira	b ɛ r a
baírabagms	b ɛ r a β a ɣ m̥ s
baír	b ɛ r
baírga	b ɛ r ɡ a
baírgahei	b ɛ r ɡ a h i
baírgahs	b ɛ r ɡ a h s
baírg	b ɛ r ɡ
bairgō	b ɛ r ɡ o
baírgs	b ɛ r ɡ s
baírhtaba	b ɛ r h t a β a
baírhtei	b ɛ r h t i
baírhteins	b ɛ r h t i n s
baírhtj	b ɛ r h t j
baírhts	b ɛ r h t s
baírka	b ɛ r k a
baitraba	b ɛ t r a β a
baitrei	b ɛ t r i
baitrs	b ɛ t r̥ s
bajōþs	b a j o θ s
bala	b a l a
balgbrust	b a l ɡ b r u s t
balgs	b a l ɡ s
bals	b a l s
balþaba	b a l θ a β a
balþei	b a l θ i
balþj	b a l θ j
balþs	b a l θ s
balu	b a l u
balus	b a l u s
balwaweis	b a l w a w i s
balwawēsei	b a l w a w e s i
balweins	b a l w i n s
balwj	b a l w j
bandi	b a n d ɪ
bandja	b a n d j a
bandwa	b a n d w a
bandwj	b a n d w j
bandwō	b a n d w o
banja	b a n j a
bannwīda	b a nː w i ð a
bansts	b a n s t s
bara	b a r a
barbarus	b a r b a r u s
bards	b a r d s
baris	b a r ɪ s
barizeins	b a r ɪ z i n s
barms	b a r m̥ s
barn	b a r n̥
barnahs	b a r n a h s
barnilō	b a r n ɪ l o
barniskei	b a r n ɪ s k i
barniski	b a r n ɪ s k ɪ
barnisks	b a r n ɪ s k s
barsiks	b a r s ɪ k s
barusnj	b a r u s n j
bas	b a s
basi	b a s ɪ
bata	b a t a
batis	b a t ɪ s
batiza	b a t ɪ z a
batn	b a t n̥
báuains	b ɔ ɛ n s
báu	b ɔ
baudes	b ɔ ð e s
baugj	b ɔ ɣ j
baugs	b ɔ ɣ s
baulj	b ɔ l j
bauljō	b ɔ l j o
baúr	b ɔ r
baúrans	b ɔ r a n s
baúrd	b ɔ r d
baúrgja	b ɔ r ɡ j a
baúrgj	b ɔ r ɡ j
baúrgs	b ɔ r ɡ s
baúrgswaddjus	b ɔ r ɡ s w a dː j u s
baúrjōþus	b ɔ r j o θ u s
baurs	b ɔ r s
baúrsti	b ɔ r s t ɪ
baurtils	b ɔ r t ɪ l s
baúrþei	b ɔ r θ i
baúrþs	b ɔ r θ s
bausei	b ɔ s i
baut	b ɔ t
bauþs	b ɔ θ s
bawiþa	b a w ɪ θ a
bazj	b a z j
bēga	b e ɣ a
beid	b i ð
beist	b i s t
beistei	b i s t i
beistj	b i s t j
beistjōþs	b i s t j o θ s
beit	b i t
bel	b e l
belagines	b e l a ɣ ɪ n e s
bercna	b e r c n a
bērs	b e r s
bērusi	b e r u s ɪ
bērusjōs	b e r u s j o s
bi	b ɪ
biabrj	b ɪ a β r j
biarbaidj	b ɪ a r b ɛ ð j
biauk	b ɪ ɔ k
biaukn	b ɪ ɔ k n̥
bibaúrgeins	b ɪ β ɔ r ɡ i n s
bibaúrgj	b ɪ β ɔ r ɡ j
bibind	b ɪ β ɪ n d
bida	b ɪ ð a
bidagwa	b ɪ ð a ɣ w a
bid	b ɪ ð
bidj	b ɪ ð j
bidōmj	b ɪ ð o m j
bifaih	b ɪ ɸ ɛ h
bifaihōn	b ɪ ɸ ɛ h o n
bifaihōns	b ɪ ɸ ɛ h o n s
bigaírd	b ɪ ɣ ɛ r d
bigardio	b ɪ ɣ a r d ɪ o
bigit	b ɪ ɣ ɪ t
bigrab	b ɪ ɣ r a β
bihait	b ɪ h ɛ t
bihaitja	b ɪ h ɛ t j a
bihlahj	b ɪ h l a h j
biƕaírb	b ɪ ʍ ɛ r b
biƕē	b ɪ ʍ e
bijandzuþþ	b ɪ j a n d z u θː
bikukj	b ɪ k u k j
bilageins	b ɪ l a ɣ i n s
bilagj	b ɪ l a ɣ j
bilaibj	b ɪ l ɛ β j
bilaif	b ɪ l ɛ ɸ
bilaigōn	b ɪ l ɛ ɣ o n
bilaik	b ɪ l ɛ k
bilaistiþs	b ɪ l ɛ s t ɪ θ s
bileib	b ɪ l i β
bileiþ	b ɪ l i θ
bilg	b ɪ l ɡ
bilisa	b ɪ l ɪ s a
bimait	b ɪ m ɛ t
bimampj	b ɪ m a m p j
binaúh	b ɪ n ɔ h
binda	b ɪ n d a
bind	b ɪ n d
binim	b ɪ n ɪ m
biniuhsj	b ɪ n ɪ u h s j
biqim	b ɪ kʷ ɪ m
biraubōn	b ɪ r ɔ β o n
bireikei	b ɪ r i k i
bireikeis	b ɪ r i k i s
birinn	b ɪ r ɪ nː
birōdeins	b ɪ r o ð i n s
birōdj	b ɪ r o ð j
birūnains	b ɪ r u n ɛ n s
birūn	b ɪ r u n
bisaíƕ	b ɪ s ɛ ʍ
bisatj	b ɪ s a t j
bisauleins	b ɪ s ɔ l i n s
bisaulj	b ɪ s ɔ l j
bisauln	b ɪ s ɔ l n̥
bisit	b ɪ s ɪ t
biskab	b ɪ s k a β
biskein	b ɪ s k i n
bismeit	b ɪ s m i t
bisniw	b ɪ s n ɪ w
bispeiw	b ɪ s p i w
bistand	b ɪ s t a n d
bistigq	b ɪ s t ɪ ŋ kʷ
bistugq	b ɪ s t u ŋ kʷ
bisunjanē	b ɪ s u n j a n e
bisuus	b ɪ s u u s
biswaírb	b ɪ s w ɛ r b
biswar	b ɪ s w a r
bitiuh	b ɪ t ɪ u h
biþagkj	b ɪ θ a ŋ k j
biþē	b ɪ θ e
biþragj	b ɪ θ r a ɣ j
biþwah	b ɪ θ w a h
biud	b ɪ u ð
biug	b ɪ u ɣ
biūhti	b ɪ u h t ɪ
biūhts	b ɪ u h t s
biuþs	b ɪ u θ s
biwaibj	b ɪ w ɛ β j
biwandj	b ɪ w a n d j
biwind	b ɪ w ɪ n d
biwis	b ɪ w ɪ s
blagks	b l a ŋ k s
blandansik	b l a n d a n s ɪ k
blas	b l a s
blauts	b l ɔ t s
blauþj	b l ɔ θ j
blauþs	b l ɔ θ s
bleis	b l i s
bleiþei	b l i θ i
bleiþeins	b l i θ i n s
bleiþj	b l i θ j
bleiþs	b l i θ s
blēs	b l e s
blēsi	b l e s ɪ
blēsj	b l e s j
blēstj	b l e s t j
blēsts	b l e s t s
bliggw	b l ɪ ɡ ɡ w
blindj	b l ɪ n d j
blindn	b l ɪ n d n̥
blinds	b l ɪ n d s
blōma	b l o m a
blōstr	b l o s t r̥
blōstreis	b l o s t r i s
blōt	b l o t
blōteins	b l o t i n s
blōtinassus	b l o t ɪ n a sː u s
blōþ	b l o θ
blōþarinnands	b l o θ a r ɪ nː a n d s
blunds	b l u n d s
bnáu	b n ɔ
boga	b o ɣ a
bōka	b o k a
bōkāreis	b o k a r i s
bōta	b o t a
bōtj	b o t j
braƕ	b r a ʍ
braidei	b r ɛ ð i
braidj	b r ɛ ð j
braiƕ	b r ɛ ʍ
braiþs	b r ɛ θ s
brakja	b r a k j a
bramj	b r a m j
brammōn	b r a mː o n
branda	b r a n d a
brands	b r a n d s
brannj	b r a nː j
brasa	b r a s a
brasōn	b r a s o n
brauþ	b r ɔ θ
breen	b r e e n
breuw	b r e u w
bridila	b r ɪ ð ɪ l a
brigdil	b r ɪ ɣ d ɪ l
brigg	b r ɪ ŋ ɡ
brik	b r ɪ k
brinn	b r ɪ nː
brinnō	b r ɪ nː o
brist	b r ɪ s t
briþ	b r ɪ θ
broe	b r o e
brōj	b r o j
broks	b r o k s
brōþar	b r o θ a r
brōþrahans	b r o θ r a h a n s
brōþrahs	b r o θ r a h s
brōþrulubō	b r o θ r u l u β o
brugdj	b r u ɣ d j
bruka	b r u k a
brukja	b r u k j a
brūkj	b r u k j
brukn	b r u k n̥
brūks	b r u k s
brunjō	b r u n j o
brunna	b r u nː a
brūns	b r u n s
brunsts	b r u n s t s
brust	b r u s t
brusti	b r u s t ɪ
brustj	b r u s t j
brusts	b r u s t s
brutilō	b r u t ɪ l o
brutōn	b r u t o n
bruts	b r u t s
bruþ	b r u θ
brūþfaþs	b r u θ ɸ a θ s
brūþs	b r u θ s
bruzdōn	b r u z d o n
buggja	b u ŋ ɡ j a
bugj	b u ɣ j
būks	b u k s
Bulgar	b u l ɡ a r
bundn	b u n d n̥
būrjō	b u r j o
būska	b u s k a
būsns	b u s n̥ s
bwssaún	b w sː ɔ n
cadariou	c a ð a r ɪ o u
contropare	c o n t r o p a r e
contropatio	c o n t r o p a t ɪ o
criten	c r ɪ t e n
dab	d a β
daddj	d a dː j
dagis	d a ɣ ɪ s
dags	d a ɣ s
daigs	d ɛ ɣ s
daila	d ɛ l a
dailj	d ɛ l j
dails	d ɛ l s
daimōnāreis	d ɛ m o n a r i s
dalaþ	d a l a θ
dalaþa	d a l a θ a
dalaþrō	d a l a θ r o
dals	d a l s
dammj	d a mː j
damms	d a mː s
Danila	d a n ɪ l a
Dans	d a n s
Danus	d a n u s
darnj	d a r n j
darns	d a r n̥ s
daubei	d ɔ β i
daubiþa	d ɔ β ɪ θ a
daubj	d ɔ β j
daubn	d ɔ β n̥
daufs	d ɔ ɸ s
daúhtar	d ɔ h t a r
daúhts	d ɔ h t s
dauka	d ɔ k a
dauns	d ɔ n s
daupeins	d ɔ p i n s
daupj	d ɔ p j
daupjands	d ɔ p j a n d s
daúr	d ɔ r
daúrawarda	d ɔ r a w a r d a
daúrawardō	d ɔ r a w a r d o
daúrawards	d ɔ r a w a r d s
daúri	d ɔ r ɪ
daúrō	d ɔ r o
daúrs	d ɔ r s
dauþeins	d ɔ θ i n s
dauþj	d ɔ θ j
dauþn	d ɔ θ n̥
dauþs	d ɔ θ s
dauþubleis	d ɔ θ u β l i s
dauþus	d ɔ θ u s
dēdja	d e ð j a
deinō	d i n o
deis	d i s
deisei	d i s i
dēþs	d e θ s
diabaúlus	d ɪ a β ɔ l u s
diabula	d ɪ a β u l a
diakaúnus	d ɪ a k ɔ n u s
dig	d ɪ ɣ
digrei	d ɪ ɣ r i
digrs	d ɪ ɣ r̥ s
dis	d ɪ s
disdailj	d ɪ s d ɛ l j
disdrius	d ɪ s d r ɪ u s
dishab	d ɪ s h a β
dishniup	d ɪ s h n ɪ u p
dishnupn	d ɪ s h n u p n̥
dishulj	d ɪ s h u l j
disks	d ɪ s k s
disnim	d ɪ s n ɪ m
dissigq	d ɪ sː ɪ ŋ kʷ
dissit	d ɪ sː ɪ t
disskaid	d ɪ sː k ɛ ð
disskreit	d ɪ sː k r i t
disskritn	d ɪ sː k r ɪ t n̥
distaheins	d ɪ s t a h i n s
distahj	d ɪ s t a h j
distaír	d ɪ s t ɛ r
distaúrn	d ɪ s t ɔ r n̥
diswid	d ɪ s w ɪ ð
diswilw	d ɪ s w ɪ l w
diswinþj	d ɪ s w ɪ n θ j
diswiss	d ɪ s w ɪ sː
diupei	d ɪ u p i
diupiþa	d ɪ u p ɪ θ a
diupj	d ɪ u p j
diups	d ɪ u p s
dius	d ɪ u s
diw	d ɪ w
diwanei	d ɪ w a n i
dōbn	d o β n̥
dōfs	d o ɸ s
dōgs	d o ɣ s
dōmeins	d o m i n s
dōmj	d o m j
dōms	d o m s
drab	d r a β
drag	d r a ɣ
dragk	d r a ŋ k
dragkj	d r a ŋ k j
draibj	d r ɛ β j
drakma	d r a k m a
draúhsna	d r ɔ h s n a
draúhtinassus	d r ɔ h t ɪ n a sː u s
draúhtinōn	d r ɔ h t ɪ n o n
draúhtins	d r ɔ h t ɪ n s
draúhtiwitōþ	d r ɔ h t ɪ w ɪ t o θ
draúhts	d r ɔ h t s
drausj	d r ɔ s j
dreib	d r i β
drigk	d r ɪ ŋ k
driug	d r ɪ u ɣ
drius	d r ɪ u s
driusō	d r ɪ u s o
drōbj	d r o β j
drōbjis	d r o β j ɪ s
drōbna	d r o β n a
drōbn	d r o β n̥
drugkanei	d r u ŋ k a n i
drugkja	d r u ŋ k j a
drugks	d r u ŋ k s
drunjus	d r u n j u s
drus	d r u s
drūþs	d r u θ s
du	d u
duatgagg	d u a t ɡ a ŋ ɡ
duatrinn	d u a t r ɪ nː
duatsniw	d u a t s n ɪ w
dūbō	d u β o
dug	d u ɣ
dugawindansik	d u ɣ a w ɪ n d a n s ɪ k
duginn	d u ɣ ɪ nː
duƕē	d u ʍ e
dulgahaitja	d u l ɡ a h ɛ t j a
dulgs	d u l ɡ s
dulþj	d u l θ j
dulþs	d u l θ s
dumbn	d u m b n̥
dumbs	d u m b s
durinn	d u r ɪ nː
dustōdj	d u s t o ð j
dūþē	d u θ e
dwalawaúrdei	d w a l a w ɔ r d i
dwalawaúrds	d w a l a w ɔ r d s
dwaligōn	d w a l ɪ ɣ o n
dwaliþa	d w a l ɪ θ a
dwalmōn	d w a l m o n
dwalms	d w a l m̥ s
dwals	d w a l s
dwil	d w ɪ l
ei	i
eigs	i ɣ s
eis	i s
eisarn	i s a r n̥
eisarnabandi	i s a r n a β a n d ɪ
eisarneins	i s a r n i n s
eiþ	i θ
ela	e l a
ēmaitja	e m ɛ t j a
enguz	e n ɡ u z
era	e r a
erls	e r l̥ s
ēt	e t
ēta	e t a
ētja	e t j a
ēts	e t s
eyz	e j z
ezec	e z e c
fadar	ɸ a ð a r
fadrein	ɸ a ð r i n
fadreins	ɸ a ð r i n s
faginōn	ɸ a ɣ ɪ n o n
fagins	ɸ a ɣ ɪ n s
fagrs	ɸ a ɣ r̥ s
fāh	ɸ a h
fahēþs	ɸ a h e θ s
fahrj	ɸ a h r j
fahs	ɸ a h s
fái	ɸ ɛ
faih	ɸ ɛ h
faihs	ɸ ɛ h s
faíhu	ɸ ɛ h u
faíhufrikei	ɸ ɛ h u ɸ r ɪ k i
faíhufriks	ɸ ɛ h u ɸ r ɪ k s
faíhugaírnei	ɸ ɛ h u ɣ ɛ r n i
faíhugaírns	ɸ ɛ h u ɣ ɛ r n̥ s
faíhugawaúrki	ɸ ɛ h u ɣ a w ɔ r k ɪ
faíhugeig	ɸ ɛ h u ɣ i ɣ
faíhugeirō	ɸ ɛ h u ɣ i r o
faíhugeirs	ɸ ɛ h u ɣ i r s
faíhuskula	ɸ ɛ h u s k u l a
faíhuþraihn	ɸ ɛ h u θ r ɛ h n̥
faír	ɸ ɛ r
faíraih	ɸ ɛ r ɛ h
faírgreip	ɸ ɛ r ɡ r i p
faírguni	ɸ ɛ r ɡ u n ɪ
faírhait	ɸ ɛ r h ɛ t
faírƕus	ɸ ɛ r ʍ u s
faírina	ɸ ɛ r ɪ n a
faírinōdaba	ɸ ɛ r ɪ n o ð a β a
faírinōn	ɸ ɛ r ɪ n o n
faírinōþs	ɸ ɛ r ɪ n o θ s
faírins	ɸ ɛ r ɪ n s
faírj	ɸ ɛ r j
faírlaistiþs	ɸ ɛ r l ɛ s t ɪ θ s
faírneis	ɸ ɛ r n i s
faírniþa	ɸ ɛ r n ɪ θ a
faírns	ɸ ɛ r n̥ s
faírra	ɸ ɛ rː a
faírraþrō	ɸ ɛ rː a θ r o
faírrinn	ɸ ɛ rː ɪ nː
faírwaúrkj	ɸ ɛ r w ɔ r k j
faírweit	ɸ ɛ r w i t
faírweitj	ɸ ɛ r w i t j
faírweitl	ɸ ɛ r w i t l̥
faírzna	ɸ ɛ r z n a
falda	ɸ a l d a
falka	ɸ a l k a
falþ	ɸ a l θ
falþaba	ɸ a l θ a β a
falþei	ɸ a l θ i
falþs	ɸ a l θ s
falwiska	ɸ a l w ɪ s k a
falws	ɸ a l w s
fana	ɸ a n a
fani	ɸ a n ɪ
fanþja	ɸ a n θ j a
fara	ɸ a r a
far	ɸ a r
Faraō	ɸ a r a o
Fareisaius	ɸ a r i s ɛ u s
farj	ɸ a r j
farþa	ɸ a r θ a
farwa	ɸ a r w a
faskja	ɸ a s k j a
fasta	ɸ a s t a
fast	ɸ a s t
fasteis	ɸ a s t i s
fastnēms	ɸ a s t n e m s
fasts	ɸ a s t s
fastubni	ɸ a s t u β n ɪ
fata	ɸ a t a
faþa	ɸ a θ a
faþs	ɸ a θ s
faúhō	ɸ ɔ h o
faúr	ɸ ɔ r
faúra	ɸ ɔ r a
faúradaúri	ɸ ɔ r a ð ɔ r ɪ
faúrafilli	ɸ ɔ r a ɸ ɪ lː ɪ
faúragagga	ɸ ɔ r a ɣ a ŋ ɡ a
faúragagg	ɸ ɔ r a ɣ a ŋ ɡ
faúragaggi	ɸ ɔ r a ɣ a ŋ ɡ ɪ
faúragaggja	ɸ ɔ r a ɣ a ŋ ɡ j a
faúragahait	ɸ ɔ r a ɣ a h ɛ t
faúragahugj	ɸ ɔ r a ɣ a h u ɣ j
faúragaleik	ɸ ɔ r a ɣ a l i k
faúragamanwj	ɸ ɔ r a ɣ a m a n w j
faúragamēlj	ɸ ɔ r a ɣ a m e l j
faúragaraidj	ɸ ɔ r a ɣ a r ɛ ð j
faúragarēd	ɸ ɔ r a ɣ a r e ð
faúragasandj	ɸ ɔ r a ɣ a s a n d j
faúragasatj	ɸ ɔ r a ɣ a s a t j
faúragateih	ɸ ɔ r a ɣ a t i h
faúrahāh	ɸ ɔ r a h a h
faúramanwj	ɸ ɔ r a m a n w j
faúramaþleis	ɸ ɔ r a m a θ l i s
faúramaþli	ɸ ɔ r a m a θ l ɪ
faúramēlj	ɸ ɔ r a m e l j
faúraqim	ɸ ɔ r a kʷ ɪ m
fauraqiþ	ɸ ɔ r a kʷ ɪ θ
faúrarahnj	ɸ ɔ r a r a h n j
faúrastand	ɸ ɔ r a s t a n d
faúratani	ɸ ɔ r a t a n ɪ
faúrawēnj	ɸ ɔ r a w e n j
faúrawis	ɸ ɔ r a w ɪ s
faúrbaúhts	ɸ ɔ r b ɔ h t s
faúrbigagg	ɸ ɔ r b ɪ ɣ a ŋ ɡ
faúrbisniw	ɸ ɔ r b ɪ s n ɪ w
faúrbiud	ɸ ɔ r b ɪ u ð
faúrbj	ɸ ɔ r b j
faúrdammj	ɸ ɔ r d a mː j
faúrdōmeins	ɸ ɔ r d o m i n s
faúrdōmj	ɸ ɔ r d o m j
faúrgagg	ɸ ɔ r ɡ a ŋ ɡ
faúrhāh	ɸ ɔ r h a h
faurhs	ɸ ɔ r h s
faúrhtei	ɸ ɔ r h t i
faúrhtj	ɸ ɔ r h t j
faúrhts	ɸ ɔ r h t s
faúrlageins	ɸ ɔ r l a ɣ i n s
faúrlagj	ɸ ɔ r l a ɣ j
faúrmūlj	ɸ ɔ r m u l j
faúrqiþ	ɸ ɔ r kʷ ɪ θ
faúrrinn	ɸ ɔ rː ɪ nː
faurs	ɸ ɔ r s
faúrsiglj	ɸ ɔ r s ɪ ɣ l j
faúrsniw	ɸ ɔ r s n ɪ w
faúrstand	ɸ ɔ r s t a n d
faurstass	ɸ ɔ r s t a sː
faúrstasseis	ɸ ɔ r s t a sː i s
faúrþis	ɸ ɔ r θ ɪ s
faúrþizei	ɸ ɔ r θ ɪ z i
faúrwaipj	ɸ ɔ r w ɛ p j
faúrwalwj	ɸ ɔ r w a l w j
faúrweis	ɸ ɔ r w i s
faus	ɸ ɔ s
fēhaba	ɸ e h a β a
fēhs	ɸ e h s
fenea	ɸ e n e a
fēr	ɸ e r
fēra	ɸ e r a
fērja	ɸ e r j a
fers	ɸ e r s
fēteins	ɸ e t i n s
fētj	ɸ e t j
feusa	ɸ e u s a
fidur	ɸ ɪ ð u r
fidurdōgs	ɸ ɪ ð u r d o ɣ s
fidurfalþs	ɸ ɪ ð u r ɸ a l θ s
fidurragineis	ɸ ɪ ð u rː a ɣ ɪ n i s
fidurragini	ɸ ɪ ð u rː a ɣ ɪ n ɪ
fidwōr	ɸ ɪ ð w o r
fidwōrtaíhun	ɸ ɪ ð w o r t ɛ h u n
fidwōrþūsundjos	ɸ ɪ ð w o r θ u s u n d j o s
figgragulþ	ɸ ɪ ŋ ɡ r a ɣ u l θ
figgrs	ɸ ɪ ŋ ɡ r̥ s
fij	ɸ ɪ j
fijands	ɸ ɪ j a n d s
fijaþwa	ɸ ɪ j a θ w a
filaus	ɸ ɪ l ɔ s
filh	ɸ ɪ l h
filigri	ɸ ɪ l ɪ ɣ r ɪ
fill	ɸ ɪ lː
filleins	ɸ ɪ lː i n s
fills	ɸ ɪ lː s
films	ɸ ɪ l m̥ s
filtur	ɸ ɪ l t u r
filu	ɸ ɪ l u
filudeis	ɸ ɪ l u ð i s
filudeisei	ɸ ɪ l u ð i s i
filufaíhs	ɸ ɪ l u ɸ ɛ h s
filugalaufs	ɸ ɪ l u ɣ a l ɔ ɸ s
filusna	ɸ ɪ l u s n a
filuwaúrdei	ɸ ɪ l u w ɔ r d i
filuwaúrdj	ɸ ɪ l u w ɔ r d j
filuwaúrds	ɸ ɪ l u w ɔ r d s
fimf	ɸ ɪ m ɸ
fimfhunda	ɸ ɪ m ɸ h u n d a
fimfta	ɸ ɪ m ɸ t a
fimftaíhun	ɸ ɪ m ɸ t ɛ h u n
fimftataíhunda	ɸ ɪ m ɸ t a t ɛ h u n d a
fimftigjus	ɸ ɪ m ɸ t ɪ ɣ j u s
fimfþūsunjōs	ɸ ɪ m ɸ θ u s u n j o s
finja	ɸ ɪ n j a
Finnhaiþas	ɸ ɪ nː h ɛ θ a s
finþ	ɸ ɪ n θ
fiskja	ɸ ɪ s k j a
fiskōn	ɸ ɪ s k o n
fisks	ɸ ɪ s k s
fit	ɸ ɪ t
flahta	ɸ l a h t a
flaíht	ɸ l ɛ h t
flaskō	ɸ l a s k o
flautj	ɸ l ɔ t j
flauts	ɸ l ɔ t s
flōdus	ɸ l o ð u s
flōk	ɸ l o k
fōdeins	ɸ o ð i n s
fōdj	ɸ o ð j
fōdr	ɸ o ð r̥
fōn	ɸ o n
fōtubandi	ɸ o t u β a n d ɪ
fōtubaūrd	ɸ o t u β ɔ r d
fōtus	ɸ o t u s
fra	ɸ r a
fraatj	ɸ r a a t j
frabaír	ɸ r a β ɛ r
frabaúhtabōka	ɸ r a β ɔ h t a β o k a
frabugj	ɸ r a β u ɣ j
fradailj	ɸ r a ð ɛ l j
frag	ɸ r a ɣ
fragib	ɸ r a ɣ ɪ β
fragifts	ɸ r a ɣ ɪ ɸ t s
fragild	ɸ r a ɣ ɪ l d
Fragka	ɸ r a ŋ k a
frahinþ	ɸ r a h ɪ n θ
fraíhn	ɸ r ɛ h n̥
frais	ɸ r ɛ s
fraista	ɸ r ɛ s t a
fraistōn	ɸ r ɛ s t o n
fraistubni	ɸ r ɛ s t u β n ɪ
frait	ɸ r ɛ t
fraiw	ɸ r ɛ w
frakunn	ɸ r a k u nː
frakunþs	ɸ r a k u n θ s
fralēt	ɸ r a l e t
fralēts	ɸ r a l e t s
fralēwj	ɸ r a l e w j
fralius	ɸ r a l ɪ u s
fralusn	ɸ r a l u s n̥
fralusts	ɸ r a l u s t s
fram	ɸ r a m
framaldrs	ɸ r a m a l d r̥ s
framaþeis	ɸ r a m a θ i s
framaþj	ɸ r a m a θ j
framgāhts	ɸ r a m ɡ a h t s
framis	ɸ r a m ɪ s
frams	ɸ r a m s
framwaírþis	ɸ r a m w ɛ r θ ɪ s
framwairþs	ɸ r a m w ɛ r θ s
framwigis	ɸ r a m w ɪ ɣ ɪ s
franim	ɸ r a n ɪ m
fraqim	ɸ r a kʷ ɪ m
fraqisteins	ɸ r a kʷ ɪ s t i n s
fraqistj	ɸ r a kʷ ɪ s t j
fraqistn	ɸ r a kʷ ɪ s t n̥
fraqiþ	ɸ r a kʷ ɪ θ
frarinn	ɸ r a r ɪ nː
fraslind	ɸ r a s l ɪ n d
frastisibja	ɸ r a s t ɪ s ɪ β j a
frasts	ɸ r a s t s
fraþi	ɸ r a θ ɪ
fraþjamarzeins	ɸ r a θ j a m a r z i n s
fraþj	ɸ r a θ j
fraþjands	ɸ r a θ j a n d s
fraþjei	ɸ r a θ j i
fraþjis	ɸ r a θ j ɪ s
frauja	ɸ r ɔ j a
fraujinassus	ɸ r ɔ j ɪ n a sː u s
fraujinōn	ɸ r ɔ j ɪ n o n
fraujinōnds	ɸ r ɔ j ɪ n o n d s
fraujis	ɸ r ɔ j ɪ s
fraus	ɸ r ɔ s
fratrud	ɸ r a t r u ð
frawaírp	ɸ r a w ɛ r p
frawaírþ	ɸ r a w ɛ r θ
frawardeins	ɸ r a w a r d i n s
frawardj	ɸ r a w a r d j
frawaúrhts	ɸ r a w ɔ r h t s
frawaúrkj	ɸ r a w ɔ r k j
fraweit	ɸ r a w i t
frawilw	ɸ r a w ɪ l w
frawis	ɸ r a w ɪ s
frawrik	ɸ r a w r ɪ k
frawrōhj	ɸ r a w r o h j
freideins	ɸ r i ð i n s
freidj	ɸ r i ð j
freihals	ɸ r i h a l s
freis	ɸ r i s
freiþs	ɸ r i θ s
friaþwamilds	ɸ r ɪ a θ w a m ɪ l d s
frijaþwa	ɸ r ɪ j a θ w a
frijei	ɸ r ɪ j i
frijōn	ɸ r ɪ j o n
frijōndi	ɸ r ɪ j o n d ɪ
frijōnds	ɸ r ɪ j o n d s
frijōns	ɸ r ɪ j o n s
frikei	ɸ r ɪ k i
friks	ɸ r ɪ k s
frisahtj	ɸ r ɪ s a h t j
frisahtn	ɸ r ɪ s a h t n̥
frisahts	ɸ r ɪ s a h t s
frisks	ɸ r ɪ s k s
friþōn	ɸ r ɪ θ o n
friþus	ɸ r ɪ θ u s
frius	ɸ r ɪ u s
frōdaba	ɸ r o ð a β a
frōdei	ɸ r o ð i
frōþs	ɸ r o θ s
frum	ɸ r u m
fruma	ɸ r u m a
frumabaúr	ɸ r u m a β ɔ r
frumadei	ɸ r u m a ð i
frumaþ	ɸ r u m a θ
frumaþeis	ɸ r u m a θ i s
frumei	ɸ r u m i
frumist	ɸ r u m ɪ s t
frumisti	ɸ r u m ɪ s t ɪ
frumists	ɸ r u m ɪ s t s
frumj	ɸ r u m j
fugls	ɸ u ɣ l̥ s
fula	ɸ u l a
fulcus	ɸ u l c u s
fulgins	ɸ u l ɡ ɪ n s
fulhsni	ɸ u l h s n ɪ
fulk	ɸ u l k
fullafahj	ɸ u lː a ɸ a h j
fullafraþj	ɸ u lː a ɸ r a θ j
fullatōjis	ɸ u lː a t o j ɪ s
fullaweis	ɸ u lː a w i s
fullaweisj	ɸ u lː a w i s j
fullawita	ɸ u lː a w ɪ t a
fullei	ɸ u lː i
fulleins	ɸ u lː i n s
fulleiþs	ɸ u lː i θ s
fullja	ɸ u lː j a
fullj	ɸ u lː j
fulln	ɸ u lː n
fullō	ɸ u lː o
fulls	ɸ u lː s
fūls	ɸ u l s
fulþ	ɸ u l θ
funisks	ɸ u n ɪ s k s
funs	ɸ u n s
fwnīkisks	ɸ w n i k ɪ s k s
ga	ɡ a
gaaggwei	ɡ a a ɡ ɡ w i
gaaggweins	ɡ a a ɡ ɡ w i n s
gaaggwj	ɡ a a ɡ ɡ w j
gaaiginōn	ɡ a ɛ ɣ ɪ n o n
gaain	ɡ a ɛ n
gaaist	ɡ a ɛ s t
gaaiwiskōn	ɡ a ɛ w ɪ s k o n
gaandj	ɡ a a n d j
gaar	ɡ a a r
gaarbja	ɡ a a r b j a
gaarm	ɡ a a r m̥
gaauk	ɡ a ɔ k
gabaidj	ɡ a β ɛ ð j
gabaír	ɡ a β ɛ r
gabaírg	ɡ a β ɛ r ɡ
gabaírhteins	ɡ a β ɛ r h t i n s
gabaírhtj	ɡ a β ɛ r h t j
gabandwj	ɡ a β a n d w j
gabatn	ɡ a β a t n̥
gabáu	ɡ a β ɔ
gabaúr	ɡ a β ɔ r
gabaúrgja	ɡ a β ɔ r ɡ j a
gabaúrjaba	ɡ a β ɔ r j a β a
gabaúrjō	ɡ a β ɔ r j o
gabaúrjōn	ɡ a β ɔ r j o n
gabaúrjōþus	ɡ a β ɔ r j o θ u s
gabaúrþiwaurd	ɡ a β ɔ r θ ɪ w ɔ r d
gabaúrþs	ɡ a β ɔ r θ s
gabei	ɡ a β i
gabeid	ɡ a β i ð
gabeistj	ɡ a β i s t j
gabidj	ɡ a β ɪ ð j
gabigaba	ɡ a β ɪ ɣ a β a
gabigj	ɡ a β ɪ ɣ j
gabign	ɡ a β ɪ ɣ n̥
gabigs	ɡ a β ɪ ɣ s
gabinda	ɡ a β ɪ n d a
gabind	ɡ a β ɪ n d
gabindi	ɡ a β ɪ n d ɪ
gabiug	ɡ a β ɪ u ɣ
gablauþj	ɡ a β l ɔ θ j
gableiþeins	ɡ a β l i θ i n s
gableiþj	ɡ a β l i θ j
gablindj	ɡ a β l ɪ n d j
gabōtj	ɡ a β o t j
gabrannj	ɡ a β r a nː j
gabrik	ɡ a β r ɪ k
gabruka	ɡ a β r u k a
gabundi	ɡ a β u n d ɪ
gadab	ɡ a ð a β
gadaila	ɡ a ð ɛ l a
gadailj	ɡ a ð ɛ l j
gadaubj	ɡ a ð ɔ β j
gadauka	ɡ a ð ɔ k a
gadaúrs	ɡ a ð ɔ r s
gadauþj	ɡ a ð ɔ θ j
gadauþn	ɡ a ð ɔ θ n̥
gadeltha	ɡ a ð e l t h a
gadēþs	ɡ a ð e θ s
gadig	ɡ a ð ɪ ɣ
gadigis	ɡ a ð ɪ ɣ ɪ s
gadiliggs	ɡ a ð ɪ l ɪ ŋ ɡ s
gadiupj	ɡ a ð ɪ u p j
gadōfs	ɡ a ð o ɸ s
gadōmj	ɡ a ð o m j
gadrab	ɡ a ð r a β
gadrag	ɡ a ð r a ɣ
gadragkj	ɡ a ð r a ŋ k j
gadraúhts	ɡ a ð r ɔ h t s
gadrausj	ɡ a ð r ɔ s j
gadrigk	ɡ a ð r ɪ ŋ k
gadrius	ɡ a ð r ɪ u s
gadrōbn	ɡ a ð r o β n̥
gafāh	ɡ a ɸ a h
gafahrj	ɡ a ɸ a h r j
gafaih	ɡ a ɸ ɛ h
gafaihōn	ɡ a ɸ ɛ h o n
gafairinōnds	ɡ a ɸ ɛ r ɪ n o n d s
gafairinōþs	ɡ a ɸ ɛ r ɪ n o θ s
gafast	ɡ a ɸ a s t
gafaúrds	ɡ a ɸ ɔ r d s
gafaurs	ɡ a ɸ ɔ r s
gafēhaba	ɡ a ɸ e h a β a
gafēhs	ɡ a ɸ e h s
gafēteins	ɡ a ɸ e t i n s
gafētj	ɡ a ɸ e t j
gafilh	ɡ a ɸ ɪ l h
gafraíhn	ɡ a ɸ r ɛ h n̥
gafraþjei	ɡ a ɸ r a θ j i
gafraþjis	ɡ a ɸ r a θ j ɪ s
gafraujinōn	ɡ a ɸ r ɔ j ɪ n o n
gafreideins	ɡ a ɸ r i ð i n s
gafreidj	ɡ a ɸ r i ð j
gafrijōns	ɡ a ɸ r ɪ j o n s
gafrisahtj	ɡ a ɸ r ɪ s a h t j
gafrisahtn	ɡ a ɸ r ɪ s a h t n̥
gafriþōn	ɡ a ɸ r ɪ θ o n
gafriþōns	ɡ a ɸ r ɪ θ o n s
gafulgins	ɡ a ɸ u l ɡ ɪ n s
gafullaweisj	ɡ a ɸ u lː a w i s j
gafullj	ɡ a ɸ u lː j
gafulln	ɡ a ɸ u lː n
gagagg	ɡ a ɣ a ŋ ɡ
gagahaftj	ɡ a ɣ a h a ɸ t j
gagaleikōn	ɡ a ɣ a l i k o n
gagamainj	ɡ a ɣ a m ɛ n j
gagatilōn	ɡ a ɣ a t ɪ l o n
gagawaírþj	ɡ a ɣ a w ɛ r θ j
gagawaírþn	ɡ a ɣ a w ɛ r θ n̥
gageig	ɡ a ɣ i ɣ
gagg	ɡ a ŋ ɡ
gagga	ɡ a ŋ ɡ a
gaggi	ɡ a ŋ ɡ ɪ
gaggja	ɡ a ŋ ɡ j a
gaggj	ɡ a ŋ ɡ j
gagrēfts	ɡ a ɣ r e ɸ t s
gagudaba	ɡ a ɣ u ð a β a
gagudei	ɡ a ɣ u ð i
gaguþs	ɡ a ɣ u θ s
gahab	ɡ a h a β
gahabands	ɡ a h a β a n d s
gahaftj	ɡ a h a ɸ t j
gahaftn	ɡ a h a ɸ t n̥
gahafts	ɡ a h a ɸ t s
gahāhjis	ɡ a h a h j ɪ s
gahāhjō	ɡ a h a h j o
gahailj	ɡ a h ɛ l j
gahailn	ɡ a h ɛ l n̥
gahails	ɡ a h ɛ l s
gahait	ɡ a h ɛ t
gahamōn	ɡ a h a m o n
gahardj	ɡ a h a r d j
gahaunj	ɡ a h ɔ n j
gahauseins	ɡ a h ɔ s i n s
gahausj	ɡ a h ɔ s j
gahilp	ɡ a h ɪ l p
gahlaiba	ɡ a h l ɛ β a
gahlaifs	ɡ a h l ɛ ɸ s
gahnaiwj	ɡ a h n ɛ w j
gahnipn	ɡ a h n ɪ p n̥
gahōbains	ɡ a h o β ɛ n s
gahōb	ɡ a h o β
gahōrinōn	ɡ a h o r ɪ n o n
gahraineins	ɡ a h r ɛ n i n s
gahrainj	ɡ a h r ɛ n j
gahts	ɡ a h t s
gāhts	ɡ a h t s
gahugds	ɡ a h u ɣ d s
gahugj	ɡ a h u ɣ j
gahulj	ɡ a h u l j
gaƕaírb	ɡ a ʍ ɛ r b
gaƕaírbs	ɡ a ʍ ɛ r b s
gaƕatj	ɡ a ʍ a t j
gaƕeilains	ɡ a ʍ i l ɛ n s
gaƕeil	ɡ a ʍ i l
gaƕeitj	ɡ a ʍ i t j
gaƕōtj	ɡ a ʍ o t j
gaíaínna	ɡ ɛ ɛ nː a
gaibnj	ɡ ɛ β n j
gaida	ɡ ɛ ð a
gaidreigōn	ɡ ɛ ð r i ɣ o n
gaidw	ɡ ɛ ð w
gailj	ɡ ɛ l j
gails	ɡ ɛ l s
gain	ɡ ɛ n
gainōn	ɡ ɛ n o n
gaírda	ɡ ɛ r d a
gaird	ɡ ɛ r d
gaírnei	ɡ ɛ r n i
gairnj	ɡ ɛ r n j
gaírns	ɡ ɛ r n̥ s
gaíruni	ɡ ɛ r u n ɪ
gais	ɡ ɛ s
gaisj	ɡ ɛ s j
gaitein	ɡ ɛ t i n
gaiteins	ɡ ɛ t i n s
gaits	ɡ ɛ t s
gajiuk	ɡ a j ɪ u k
gajuk	ɡ a j u k
gajuka	ɡ a j u k a
gajukō	ɡ a j u k o
gakannj	ɡ a k a nː j
gakarōn	ɡ a k a r o n
gakausj	ɡ a k ɔ s j
gakius	ɡ a k ɪ u s
gakrōtōn	ɡ a k r o t o n
gakunds	ɡ a k u n d s
gakunn	ɡ a k u nː
gakunþs	ɡ a k u n θ s
gakusans	ɡ a k u s a n s
gakusts	ɡ a k u s t s
gala	ɡ a l a
galagj	ɡ a l a ɣ j
galaisj	ɡ a l ɛ s j
galaista	ɡ a l ɛ s t a
galaistj	ɡ a l ɛ s t j
gal	ɡ a l
galatj	ɡ a l a t j
galaþōn	ɡ a l a θ o n
galaubei	ɡ a l ɔ β i
galaubeins	ɡ a l ɔ β i n s
galaubj	ɡ a l ɔ β j
galaufs	ɡ a l ɔ ɸ s
galaugnj	ɡ a l ɔ ɣ n j
galausj	ɡ a l ɔ s j
gald	ɡ a l d
galeika	ɡ a l i k a
galeik	ɡ a l i k
galeiki	ɡ a l i k ɪ
galeikō	ɡ a l i k o
galeikōn	ɡ a l i k o n
galeiks	ɡ a l i k s
galeiþ	ɡ a l i θ
galēkinōn	ɡ a l e k ɪ n o n
galēwj	ɡ a l e w j
galēwjands	ɡ a l e w j a n d s
galga	ɡ a l ɡ a
galigri	ɡ a l ɪ ɣ r ɪ
galis	ɡ a l ɪ s
galiug	ɡ a l ɪ u ɣ
galiugaapaústaúlus	ɡ a l ɪ u ɣ a a p ɔ s t ɔ l u s
galiugabrōþar	ɡ a l ɪ u ɣ a β r o θ a r
galiugaguþ	ɡ a l ɪ u ɣ a ɣ u θ
galiugapraúfētus	ɡ a l ɪ u ɣ a p r ɔ ɸ e t u s
galiugaweitwōþs	ɡ a l ɪ u ɣ a w i t w o θ s
galiugaxristus	ɡ a l ɪ u ɣ a χ r ɪ s t u s
galiuhtj	ɡ a l ɪ u h t j
galþeis	ɡ a l θ i s
galūk	ɡ a l u k
galukn	ɡ a l u k n̥
gamag	ɡ a m a ɣ
gamaindūþs	ɡ a m ɛ n d u θ s
gamainei	ɡ a m ɛ n i
gamainja	ɡ a m ɛ n j a
gamainj	ɡ a m ɛ n j
gamains	ɡ a m ɛ n s
gamainþs	ɡ a m ɛ n θ s
gamait	ɡ a m ɛ t
gamaiþs	ɡ a m ɛ θ s
gamalteins	ɡ a m a l t i n s
gamaltj	ɡ a m a l t j
gamalwj	ɡ a m a l w j
gam	ɡ a m
gamanwj	ɡ a m a n w j
gamarka	ɡ a m a r k a
gamarkō	ɡ a m a r k o
gamarkōn	ɡ a m a r k o n
gamarzeins	ɡ a m a r z i n s
gamarzj	ɡ a m a r z j
gamatj	ɡ a m a t j
gamaudeins	ɡ a m ɔ ð i n s
gamaudj	ɡ a m ɔ ð j
gamaúrgj	ɡ a m ɔ r ɡ j
gamēleins	ɡ a m e l i n s
gamēliþsbzw.þatagamēlidō	ɡ a m e l ɪ θ s b z w θ a t a ɣ a m e l ɪ ð o
gamēlj	ɡ a m e l j
gamikilj	ɡ a m ɪ k ɪ l j
gaminþi	ɡ a m ɪ n θ ɪ
gamit	ɡ a m ɪ t
gamitōn	ɡ a m ɪ t o n
gamitōns	ɡ a m ɪ t o n s
gamiþsandj	ɡ a m ɪ θ s a n d j
gamōt	ɡ a m o t
gamōtj	ɡ a m o t j
gamun	ɡ a m u n
gamunds	ɡ a m u n d s
ganaglj	ɡ a n a ɣ l j
ganah	ɡ a n a h
ganaitj	ɡ a n ɛ t j
ganamnj	ɡ a n a m n j
ganasj	ɡ a n a s j
ganatj	ɡ a n a t j
ganaúha	ɡ a n ɔ h a
ganaúh	ɡ a n ɔ h
ganawistrōn	ɡ a n a w ɪ s t r o n
gands	ɡ a n d s
ganim	ɡ a n ɪ m
ganis	ɡ a n ɪ s
ganists	ɡ a n ɪ s t s
ganiþjis	ɡ a n ɪ θ j ɪ s
ganiut	ɡ a n ɪ u t
ganōhj	ɡ a n o h j
ganōhn	ɡ a n o h n̥
ganōhs	ɡ a n o h s
ganōn	ɡ a n o n
gans	ɡ a n s
gansj	ɡ a n s j
ganta	ɡ a n t a
gapaidōn	ɡ a p ɛ ð o n
gaqim	ɡ a kʷ ɪ m
gaqiss	ɡ a kʷ ɪ sː
gaqiþ	ɡ a kʷ ɪ θ
gaqiuj	ɡ a kʷ ɪ u j
gaqiun	ɡ a kʷ ɪ u n
gaqumþs	ɡ a kʷ u m θ s
garaginōn	ɡ a r a ɣ ɪ n o n
garahnj	ɡ a r a h n j
garaideins	ɡ a r ɛ ð i n s
garaidj	ɡ a r ɛ ð j
garaíhtaba	ɡ a r ɛ h t a β a
garaíhtei	ɡ a r ɛ h t i
garaíhteins	ɡ a r ɛ h t i n s
garaíhtiþa	ɡ a r ɛ h t ɪ θ a
garaíhtj	ɡ a r ɛ h t j
garaíhts	ɡ a r ɛ h t s
garaiþs	ɡ a r ɛ θ s
garaþ	ɡ a r a θ
garaþj	ɡ a r a θ j
garazna	ɡ a r a z n a
garaznō	ɡ a r a z n o
garba	ɡ a r b a
garda	ɡ a r d a
gardawaldands	ɡ a r d a w a l d a n d s
gardi	ɡ a r d ɪ
gardiggs	ɡ a r d ɪ ŋ ɡ s
gardingatus	ɡ a r d ɪ n ɡ a t u s
gardingus	ɡ a r d ɪ n ɡ u s
gards	ɡ a r d s
garēdaba	ɡ a r e ð a β a
garēd	ɡ a r e ð
garēhsns	ɡ a r e h s n̥ s
garēþs	ɡ a r e θ s
garinn	ɡ a r ɪ nː
gariud	ɡ a r ɪ u ð
gariudei	ɡ a r ɪ u ð i
gariudi	ɡ a r ɪ u ð ɪ
gariuþs	ɡ a r ɪ u θ s
gart	ɡ a r t
garūni	ɡ a r u n ɪ
garunjō	ɡ a r u n j o
garuns	ɡ a r u n s
garwi	ɡ a r w ɪ
garwōn	ɡ a r w o n
garws	ɡ a r w s
gasahts	ɡ a s a h t s
gasaíƕ	ɡ a s ɛ ʍ
gasaíƕans	ɡ a s ɛ ʍ a n s
gasak	ɡ a s a k
gasalbōn	ɡ a s a l b o n
gasalja	ɡ a s a l j a
gasalj	ɡ a s a l j
gasandj	ɡ a s a n d j
gasateins	ɡ a s a t i n s
gasatj	ɡ a s a t j
gasibjōn	ɡ a s ɪ β j o n
gasiggq	ɡ a s ɪ ŋ ɡ kʷ
gasiglj	ɡ a s ɪ ɣ l j
gasinþa	ɡ a s ɪ n θ a
gasinþja	ɡ a s ɪ n θ j a
gasit	ɡ a s ɪ t
gaskadweins	ɡ a s k a ð w i n s
gaskadwj	ɡ a s k a ð w j
gaskafts	ɡ a s k a ɸ t s
gaskaidansik	ɡ a s k ɛ ð a n s ɪ k
gaskaideins	ɡ a s k ɛ ð i n s
gaskaidn	ɡ a s k ɛ ð n̥
gaskalki	ɡ a s k a l k ɪ
gaskamansik	ɡ a s k a m a n s ɪ k
gaskapj	ɡ a s k a p j
gaskaþj	ɡ a s k a θ j
gaskeirj	ɡ a s k i r j
gaskōhi	ɡ a s k o h ɪ
gaskōhs	ɡ a s k o h s
gaslaw	ɡ a s l a w
gasleiþj	ɡ a s l i θ j
gaslēp	ɡ a s l e p
gasmeit	ɡ a s m i t
gasmiþōn	ɡ a s m ɪ θ o n
gasniumj	ɡ a s n ɪ u m j
gasniw	ɡ a s n ɪ w
gasōkj	ɡ a s o k j
gasōþj	ɡ a s o θ j
gaspeiw	ɡ a s p i w
gaspillōn	ɡ a s p ɪ lː o n
gastagqj	ɡ a s t a ŋ kʷ j
gastald	ɡ a s t a l d
gastalds	ɡ a s t a l d s
gastand	ɡ a s t a n d
gastaúrkn	ɡ a s t ɔ r k n̥
gasteig	ɡ a s t i ɣ
gastiggq	ɡ a s t ɪ ŋ ɡ kʷ
gastigōdei	ɡ a s t ɪ ɣ o ð i
gastigōþs	ɡ a s t ɪ ɣ o θ s
gastōj	ɡ a s t o j
gastōþ	ɡ a s t o θ
gastōþs	ɡ a s t o θ s
gastrauj	ɡ a s t r ɔ j
gasts	ɡ a s t s
gasūlj	ɡ a s u l j
gasunjōn	ɡ a s u n j o n
gasupōn	ɡ a s u p o n
gaswēr	ɡ a s w e r
gaswikunþj	ɡ a s w ɪ k u n θ j
gaswilt	ɡ a s w ɪ l t
gaswinþj	ɡ a s w ɪ n θ j
gaswinþn	ɡ a s w ɪ n θ n̥
gaswōgj	ɡ a s w o ɣ j
gataiknj	ɡ a t ɛ k n j
gataír	ɡ a t ɛ r
gatalzj	ɡ a t a l z j
gatamj	ɡ a t a m j
gatandj	ɡ a t a n d j
gatarhj	ɡ a t a r h j
gatarnj	ɡ a t a r n j
gatass	ɡ a t a sː
gatauj	ɡ a t ɔ j
gataúra	ɡ a t ɔ r a
gataúrn	ɡ a t ɔ r n̥
gataúrþs	ɡ a t ɔ r θ s
gateih	ɡ a t i h
gatēmiba	ɡ a t e m ɪ β a
gatēms	ɡ a t e m s
gatēwiþs	ɡ a t e w ɪ θ s
gatēwj	ɡ a t e w j
gatilaba	ɡ a t ɪ l a β a
gatilōn	ɡ a t ɪ l o n
gatils	ɡ a t ɪ l s
gatim	ɡ a t ɪ m
gatimreins	ɡ a t ɪ m r i n s
gatimrj	ɡ a t ɪ m r j
gatimrjō	ɡ a t ɪ m r j o
gatiuh	ɡ a t ɪ u h
gatráu	ɡ a t r ɔ
gatrud	ɡ a t r u ð
gatulgj	ɡ a t u l ɡ j
gatwō	ɡ a t w o
gaþagki	ɡ a θ a ŋ k ɪ
gaþah	ɡ a θ a h
gaþaírs	ɡ a θ ɛ r s
gaþarb	ɡ a θ a r b
gaþaúrbs	ɡ a θ ɔ r b s
gaþaúrp	ɡ a θ ɔ r p
gaþaúrsn	ɡ a θ ɔ r s n̥
gaþeih	ɡ a θ i h
gaþiuþj	ɡ a θ ɪ u θ j
gaþiw	ɡ a θ ɪ w
gaþlahsn	ɡ a θ l a h s n̥
gaþlaih	ɡ a θ l ɛ h
gaþlaihts	ɡ a θ l ɛ h t s
gaþliuh	ɡ a θ l ɪ u h
gaþrafsteins	ɡ a θ r a ɸ s t i n s
gaþrafstj	ɡ a θ r a ɸ s t j
gaþrask	ɡ a θ r a s k
gaþreih	ɡ a θ r i h
gaþrisk	ɡ a θ r ɪ s k
gaþul	ɡ a θ u l
gaþwastj	ɡ a θ w a s t j
gaud	ɡ ɔ ð
gauja	ɡ ɔ j a
gauma	ɡ ɔ m a
gaumj	ɡ ɔ m j
gaunlēdj	ɡ ɔ n l e ð j
gaunōn	ɡ ɔ n o n
gaunōþus	ɡ ɔ n o θ u s
gaur	ɡ ɔ r
gaurei	ɡ ɔ r i
gauriþa	ɡ ɔ r ɪ θ a
gaurj	ɡ ɔ r j
gaurs	ɡ ɔ r s
gaus	ɡ ɔ s
Gauti	ɡ ɔ t ɪ
Gauts	ɡ ɔ t s
gawadjōn	ɡ a w a ð j o n
gawagiþs	ɡ a w a ɣ ɪ θ s
gawagj	ɡ a w a ɣ j
gawaírp	ɡ a w ɛ r p
gawaírþ	ɡ a w ɛ r θ
gawaírþeigs	ɡ a w ɛ r θ i ɣ s
gawaírþi	ɡ a w ɛ r θ ɪ
gawaírþj	ɡ a w ɛ r θ j
gawaírþn	ɡ a w ɛ r θ n̥
gawakn	ɡ a w a k n̥
gawald	ɡ a w a l d
gawaleins	ɡ a w a l i n s
gawalj	ɡ a w a l j
gawamms	ɡ a w a mː s
gawandeins	ɡ a w a n d i n s
gawandj	ɡ a w a n d j
gawargeins	ɡ a w a r ɡ i n s
gawargj	ɡ a w a r ɡ j
gawaseins	ɡ a w a s i n s
gawasj	ɡ a w a s j
gawaúrdi	ɡ a w ɔ r d ɪ
gawaúrki	ɡ a w ɔ r k ɪ
gawaúrkj	ɡ a w ɔ r k j
gawaúrstwa	ɡ a w ɔ r s t w a
gawaúrts	ɡ a w ɔ r t s
gaweih	ɡ a w i h
gaweisōn	ɡ a w i s o n
gawēnj	ɡ a w e n j
gawi	ɡ a w ɪ
gawid	ɡ a w ɪ ð
gawig	ɡ a w ɪ ɣ
gawiljis	ɡ a w ɪ l j ɪ s
gawind	ɡ a w ɪ n d
gawinn	ɡ a w ɪ nː
gawis	ɡ a w ɪ s
gawiss	ɡ a w ɪ sː
gawit	ɡ a w ɪ t
gawizneigs	ɡ a w ɪ z n i ɣ s
gawizns	ɡ a w ɪ z n̥ s
gawrik	ɡ a w r ɪ k
gawrisq	ɡ a w r ɪ s kʷ
gawundōn	ɡ a w u n d o n
gazaúflakiō	ɡ a z ɔ ɸ l a k ɪ o
gazds	ɡ a z d s
geen	ɡ e e n
geig	ɡ i ɣ
geirō	ɡ i r o
geirs	ɡ i r s
geisls	ɡ i s l̥ s
geisn	ɡ i s n̥
giba	ɡ ɪ β a
gib	ɡ ɪ β
gibands	ɡ ɪ β a n d s
gibla	ɡ ɪ β l a
gij	ɡ ɪ j
gild	ɡ ɪ l d
gilstr	ɡ ɪ l s t r̥
gilstramēleins	ɡ ɪ l s t r a m e l i n s
gilþa	ɡ ɪ l θ a
ginn	ɡ ɪ nː
gisls	ɡ ɪ s l̥ s
gistradagis	ɡ ɪ s t r a ð a ɣ ɪ s
git	ɡ ɪ t
giut	ɡ ɪ u t
glad	ɡ l a ð
glaggwaba	ɡ l a ɡ ɡ w a β a
glaggwō	ɡ l a ɡ ɡ w o
glaggws	ɡ l a ɡ ɡ w s
glaggwuba	ɡ l a ɡ ɡ w u β a
glitmuni	ɡ l ɪ t m u n ɪ
glitmunj	ɡ l ɪ t m u n j
glōfa	ɡ l o ɸ a
gōdakunds	ɡ o ð a k u n d s
gōdei	ɡ o ð i
gōleins	ɡ o l i n s
gōlj	ɡ o l j
gōma	ɡ o m a
Goti	ɡ o t ɪ
Goþiscandza	ɡ o θ ɪ s c a n d z a
gōþs	ɡ o θ s
graba	ɡ r a β a
grab	ɡ r a β
grama	ɡ r a m a
gramj	ɡ r a m j
grams	ɡ r a m s
gramst	ɡ r a m s t
grana	ɡ r a n a
granō	ɡ r a n o
granus	ɡ r a n u s
gras	ɡ r a s
Grautungōs	ɡ r ɔ t u n ɡ o s
grēdags	ɡ r e ð a ɣ s
grēdōn	ɡ r e ð o n
grēdus	ɡ r e ð u s
grēf	ɡ r e ɸ
grēfts	ɡ r e ɸ t s
greima	ɡ r i m a
greip	ɡ r i p
greiseis	ɡ r i s i s
Greotingi	ɡ r e o t ɪ n ɡ ɪ
grēt	ɡ r e t
grēts	ɡ r e t s
greut	ɡ r e u t
grēws	ɡ r e w s
grimm	ɡ r ɪ mː
grimmiþa	ɡ r ɪ mː ɪ θ a
grimms	ɡ r ɪ mː s
grindafraþjis	ɡ r ɪ n d a ɸ r a θ j ɪ s
grind	ɡ r ɪ n d
grinds	ɡ r ɪ n d s
gris	ɡ r ɪ s
griþs	ɡ r ɪ θ s
Griutuggōs	ɡ r ɪ u t u ŋ ɡ o s
grōba	ɡ r o β a
grundiþa	ɡ r u n d ɪ θ a
grundus	ɡ r u n d u s
grunduwaddjus	ɡ r u n d u w a dː j u s
grūts	ɡ r u t s
Grūtungi	ɡ r u t u n ɡ ɪ
gudaba	ɡ u ð a β a
gudafaúrhts	ɡ u ð a ɸ ɔ r h t s
gudalaus	ɡ u ð a l ɔ s
gudaskaunei	ɡ u ð a s k ɔ n i
gudblōstreis	ɡ u ð b l o s t r i s
gudei	ɡ u ð i
gudhūs	ɡ u ð h u s
gudisks	ɡ u ð ɪ s k s
gudja	ɡ u ð j a
gudjinassus	ɡ u ð j ɪ n a sː u s
gudjinōn	ɡ u ð j ɪ n o n
gulþ	ɡ u l θ
gulþeins	ɡ u l θ i n s
guma	ɡ u m a
gumakunds	ɡ u m a k u n d s
gumein	ɡ u m i n
gumeins	ɡ u m i n s
gund	ɡ u n d
gunþi	ɡ u n θ ɪ
gunþs	ɡ u n θ s
Guta	ɡ u t a
Gut	ɡ u t
gutisks	ɡ u t ɪ s k s
gutn	ɡ u t n̥
Gutō	ɡ u t o
Gutþiuda	ɡ u t θ ɪ u ð a
guþ	ɡ u θ
hab	h a β
habands	h a β a n d s
hafj	h a ɸ j
hafn	h a ɸ n̥
haftjansik	h a ɸ t j a n s ɪ k
haftn	h a ɸ t n̥
hafts	h a ɸ t s
hagja	h a ɣ j a
hagka	h a ŋ k a
hagl	h a ɣ l̥
hāh	h a h
hāhjis	h a h j ɪ s
Haíbraius	h ɛ β r ɛ u s
haidus	h ɛ ð u s
haifstj	h ɛ ɸ s t j
haifsts	h ɛ ɸ s t s
haihs	h ɛ h s
hailags	h ɛ l a ɣ s
haili	h ɛ l ɪ
hailisks	h ɛ l ɪ s k s
hailj	h ɛ l j
hailn	h ɛ l n̥
hails	h ɛ l s
haima	h ɛ m a
haimeis	h ɛ m i s
haimōþli	h ɛ m o θ l ɪ
haims	h ɛ m s
hairaíseis	h ɛ r ɛ s i s
haírda	h ɛ r d a
haírdeis	h ɛ r d i s
haírtō	h ɛ r t o
haírts	h ɛ r t s
haírþra	h ɛ r θ r a
haírus	h ɛ r u s
hais	h ɛ s
hait	h ɛ t
haiti	h ɛ t ɪ
haitja	h ɛ t j a
haiþi	h ɛ θ ɪ
haiþiwisks	h ɛ θ ɪ w ɪ s k s
haiþnō	h ɛ θ n o
haiþns	h ɛ θ n̥ s
hakilj	h a k ɪ l j
hakuls	h a k u l s
halba	h a l b a
halbs	h a l b s
hald	h a l d
haldis	h a l d ɪ s
halis	h a l ɪ s
halisaiw	h a l ɪ s ɛ w
halja	h a l j a
haljōrūna	h a l j o r u n a
halks	h a l k s
hallus	h a lː u s
hals	h a l s
halsagga	h a l s a ŋ ɡ a
halts	h a l t s
halþei	h a l θ i
halþs	h a l θ s
hamfs	h a m ɸ s
hamōn	h a m o n
hams	h a m s
hana	h a n a
handa	h a n d a
handugei	h a n d u ɣ i
handugs	h a n d u ɣ s
handus	h a n d u s
handuwaúrhts	h a n d u w ɔ r h t s
hanō	h a n o
hansa	h a n s a
harbisj	h a r b ɪ s j
harduba	h a r d u β a
harduhaírtei	h a r d u h ɛ r t i
harduhaírts	h a r d u h ɛ r t s
hardus	h a r d u s
haribaírgō	h a r ɪ β ɛ r ɡ o
hariggs	h a r ɪ ŋ ɡ s
harihriggs	h a r ɪ h r ɪ ŋ ɡ s
harjatuga	h a r j a t u ɣ a
harjis	h a r j ɪ s
harpa	h a r p a
harpōn	h a r p o n
haspa	h a s p a
hasp	h a s p
hasws	h a s w s
hat	h a t
hatis	h a t ɪ s
hatizōn	h a t ɪ z o n
hatj	h a t j
haþus	h a θ u s
haubiþ	h ɔ β ɪ θ
hauhaba	h ɔ h a β a
hauhei	h ɔ h i
hauheins	h ɔ h i n s
hauhhaírtei	h ɔ h h ɛ r t i
hauhhaírts	h ɔ h h ɛ r t s
hauhis	h ɔ h ɪ s
hauhisti	h ɔ h ɪ s t ɪ
hauhiþa	h ɔ h ɪ θ a
hauhj	h ɔ h j
hauhn	h ɔ h n̥
hauhs	h ɔ h s
hauhþūhts	h ɔ h θ u h t s
hauneins	h ɔ n i n s
hauniþa	h ɔ n ɪ θ a
haunj	h ɔ n j
hauns	h ɔ n s
haúrds	h ɔ r d s
haúri	h ɔ r ɪ
haúrn	h ɔ r n̥
haúrnja	h ɔ r n j a
haúrnj	h ɔ r n j
hauseins	h ɔ s i n s
hausj	h ɔ s j
hausjōn	h ɔ s j o n
hawi	h a w ɪ
hazds	h a z d s
hazdwalds	h a z d w a l d s
hazeins	h a z i n s
hazer	h a z e r
hazj	h a z j
heitō	h i t o
heits	h i t s
heiwa	h i w a
heiwafrauja	h i w a ɸ r ɔ j a
heiwiski	h i w ɪ s k ɪ
hēlei	h e l i
hēr	h e r
hēþjō	h e θ j o
hi	h ɪ
hidrē	h ɪ ð r e
hildi	h ɪ l d ɪ
hilds	h ɪ l d s
hilms	h ɪ l m̥ s
hilp	h ɪ l p
himinakunds	h ɪ m ɪ n a k u n d s
himins	h ɪ m ɪ n s
hindana	h ɪ n d a n a
hindar	h ɪ n d a r
hindarleiþ	h ɪ n d a r l i θ
hindarweis	h ɪ n d a r w i s
hindarweisei	h ɪ n d a r w i s i
hindumists	h ɪ n d u m ɪ s t s
hinþ	h ɪ n θ
hiri	h ɪ r ɪ
hirj	h ɪ r j
his	h ɪ s
hiuf	h ɪ u ɸ
hiuhma	h ɪ u h m a
hiwi	h ɪ w ɪ
hlahj	h l a h j
hlaifs	h l ɛ ɸ s
hlain	h l ɛ n
hlaiw	h l ɛ w
hlaiwasnōs	h l ɛ w a s n o s
hlamma	h l a mː a
hlas	h l a s
hlasei	h l a s i
hlaþ	h l a θ
hlaup	h l ɔ p
hlauts	h l ɔ t s
hleibj	h l i β j
hleiduma	h l i ð u m a
hleiþra	h l i θ r a
hleþrastakeins	h l e θ r a s t a k i n s
hlif	h l ɪ ɸ
hliftus	h l ɪ ɸ t u s
hlija	h l ɪ j a
hlimm	h l ɪ mː
hliuma	h l ɪ u m a
hliut	h l ɪ u t
hliuþ	h l ɪ u θ
hlōhj	h l o h j
hlūtrei	h l u t r i
hlūtriþa	h l u t r ɪ θ a
hlūtrs	h l u t r̥ s
hluþ	h l u θ
hnaiweins	h n ɛ w i n s
hnaiwj	h n ɛ w j
hnaiws	h n ɛ w s
hnapps	h n a pː s
hnasqus	h n a s kʷ u s
hneip	h n i p
hneiw	h n i w
hnipn	h n ɪ p n̥
hniup	h n ɪ u p
hnupn	h n u p n̥
hnuþō	h n u θ o
hōb	h o β
hōha	h o h a
hoka	h o k a
hōl	h o l
hōlōn	h o l o n
hōrinassus	h o r ɪ n a sː u s
hōrinōn	h o r ɪ n o n
hōrs	h o r s
hrabns	h r a β n̥ s
hrainei	h r ɛ n i
hraineins	h r ɛ n i n s
hrainiþa	h r ɛ n ɪ θ a
hrainjahaírts	h r ɛ n j a h ɛ r t s
hrainj	h r ɛ n j
hrains	h r ɛ n s
hraiw	h r ɛ w
hraiwadūbō	h r ɛ w a ð u β o
hrama	h r a m a
hramj	h r a m j
hranka	h r a n k a
hrankj	h r a n k j
hrapōn	h r a p o n
hriggs	h r ɪ ŋ ɡ s
hrisj	h r ɪ s j
hrōms	h r o m s
hrōp	h r o p
hrōpj	h r o p j
hrōps	h r o p s
hrōt	h r o t
hrōþ	h r o θ
hrōþeigs	h r o θ i ɣ s
hrugga	h r u ŋ ɡ a
hrūk	h r u k
hrūkj	h r u k j
hrunkj	h r u n k j
hrusk	h r u s k
hugds	h u ɣ d s
huggrj	h u ŋ ɡ r j
hugj	h u ɣ j
hugs	h u ɣ s
hūhj	h u h j
hūhrus	h u h r u s
huleins	h u l i n s
hulistr	h u l ɪ s t r̥
hulj	h u l j
Hulmarugeis	h u l m a r u ɣ i s
hulms	h u l m̥ s
hulōn	h u l o n
huls	h u l s
hulþa	h u l θ a
hulþō	h u l θ o
hulþs	h u l θ s
hulundi	h u l u n d ɪ
hund	h u n d
hundafaþs	h u n d a ɸ a θ s
hunds	h u n d s
hūns	h u n s
hunsl	h u n s l̥
hunslags	h u n s l a ɣ s
hunslastaþs	h u n s l a s t a θ s
hunslj	h u n s l j
hunþs	h u n θ s
hups	h u p s
hūs	h u s
husa	h u s a
huzd	h u z d
huzdj	h u z d j
hwssōpō	h w sː o p o
ƕadrē	ʍ a ð r e
ƕair	ʍ ɛ r
ƕaírb	ʍ ɛ r b
ƕaírnei	ʍ ɛ r n i
ƕaírneins	ʍ ɛ r n i n s
ƕaírnō	ʍ ɛ r n o
ƕaiteis	ʍ ɛ t i s
ƕaiwa	ʍ ɛ w a
ƕ	ʍ
ƕanhun	ʍ a n h u n
ƕapj	ʍ a p j
ƕapn	ʍ a p n̥
ƕar	ʍ a r
ƕarbōn	ʍ a r b o n
ƕarjis	ʍ a r j ɪ s
ƕarjizuh	ʍ a r j ɪ z u h
ƕas	ʍ a s
ƕashun	ʍ a s h u n
ƕassaba	ʍ a sː a β a
ƕassei	ʍ a sː i
ƕatj	ʍ a t j
ƕats	ʍ a t s
ƕaþ	ʍ a θ
ƕaþar	ʍ a θ a r
ƕaþaruh	ʍ a θ a r u h
ƕaþj	ʍ a θ j
ƕaþō	ʍ a θ o
ƕaþrō	ʍ a θ r o
ƕazuh	ʍ a z u h
ƕē	ʍ e
ƕēh	ʍ e h
ƕeila	ʍ i l a
ƕeilaƕaírbs	ʍ i l a ʍ ɛ r b s
ƕeilains	ʍ i l ɛ n s
ƕeil	ʍ i l
ƕeilōhun	ʍ i l o h u n
ƕeitags	ʍ i t a ɣ s
ƕeitj	ʍ i t j
ƕeits	ʍ i t s
ƕēlauþs	ʍ e l ɔ θ s
ƕilb	ʍ ɪ l b
ƕileiks	ʍ ɪ l i k s
ƕilftri	ʍ ɪ l ɸ t r ɪ
ƕilftrjōs	ʍ ɪ l ɸ t r j o s
ƕōftuli	ʍ o ɸ t u l ɪ
ƕōp	ʍ o p
ƕōta	ʍ o t a
ƕōtj	ʍ o t j
ƕssōpō	ʍ sː o p o
ibai	ɪ β ɛ
ibdalja	ɪ β d a l j a
ibna	ɪ β n a
ibnaleiks	ɪ β n a l i k s
ibnaskauns	ɪ β n a s k ɔ n s
ibnassus	ɪ β n a sː u s
ibnatj	ɪ β n a t j
ibnj	ɪ β n j
ibnōn	ɪ β n o n
ibns	ɪ β n̥ s
ibrs	ɪ β r̥ s
ibuks	ɪ β u k s
iddja	ɪ dː j a
idreiga	ɪ ð r i ɣ a
idreigōn	ɪ ð r i ɣ o n
idreigs	ɪ ð r i ɣ s
idweit	ɪ ð w i t
idweitj	ɪ ð w i t j
iftuma	ɪ ɸ t u m a
igils	ɪ ɣ ɪ l s
igqar	ɪ ŋ kʷ a r
iiz	ɪ ɪ z
ik	ɪ k
ikei	ɪ k i
in	ɪ n
inagj	ɪ n a ɣ j
inahei	ɪ n a h i
inahs	ɪ n a h s
inaljanōn	ɪ n a l j a n o n
inbrannj	ɪ n b r a nː j
indrōbn	ɪ n d r o β n̥
infein	ɪ n ɸ i n
ingaleikōn	ɪ n ɡ a l i k o n
ingardja	ɪ n ɡ a r d j a
ingif	ɪ n ɡ ɪ ɸ
ingramj	ɪ n ɡ r a m j
ingrimjis	ɪ n ɡ r ɪ m j ɪ s
inilō	ɪ n ɪ l o
inilōn	ɪ n ɪ l o n
inkilþō	ɪ n k ɪ l θ o
inkunja	ɪ n k u n j a
inliuhtj	ɪ n l ɪ u h t j
inmaideins	ɪ n m ɛ ð i n s
inmaidj	ɪ n m ɛ ð j
inn	ɪ nː
inna	ɪ nː a
innakunds	ɪ nː a k u n d s
innana	ɪ nː a n a
innatbaír	ɪ nː a t b ɛ r
innatgagg	ɪ nː a t ɡ a ŋ ɡ
innatgāhts	ɪ nː a t ɡ a h t s
innattiuh	ɪ nː a tː ɪ u h
innaþrō	ɪ nː a θ r o
inngagg	ɪ nː ɣ a ŋ ɡ
inngaleiþ	ɪ nː ɣ a l i θ
innim	ɪ nː ɪ m
inniujiþa	ɪ nː ɪ u j ɪ θ a
innufsliup	ɪ nː u ɸ s l ɪ u p
innuma	ɪ nː u m a
innwaírp	ɪ nː w ɛ r p
inraúhtj	ɪ n r ɔ h t j
inreir	ɪ n r i r
ins	ɪ n s
insahts	ɪ n s a h t s
insái	ɪ n s ɛ
insaíƕ	ɪ n s ɛ ʍ
insailj	ɪ n s ɛ l j
insak	ɪ n s a k
insandj	ɪ n s a n d j
instand	ɪ n s t a n d
inswinþj	ɪ n s w ɪ n θ j
intandj	ɪ n t a n d j
intrusgj	ɪ n t r u s ɡ j
intundn	ɪ n t u n d n̥
inuh	ɪ n u h
inwagj	ɪ n w a ɣ j
inwandj	ɪ n w a n d j
inweit	ɪ n w i t
inweitj	ɪ n w i t j
inwid	ɪ n w ɪ ð
inwindiþa	ɪ n w ɪ n d ɪ θ a
inwinds	ɪ n w ɪ n d s
inwis	ɪ n w ɪ s
inwitōþs	ɪ n w ɪ t o θ s
iowi	ɪ o w ɪ
is	ɪ s
isks	ɪ s k s
Israēl	ɪ s r a e l
Israēleitēs	ɪ s r a e l i t e s
it	ɪ t
iþ	ɪ θ
Iudaialand	ɪ u ð ɛ a l a n d
Iudaius	ɪ u ð ɛ u s
iudaiwiskō	ɪ u ð ɛ w ɪ s k o
iudaiwiskōn	ɪ u ð ɛ w ɪ s k o n
iudaiwisks	ɪ u ð ɛ w ɪ s k s
iumjō	ɪ u m j o
iup	ɪ u p
iupa	ɪ u p a
iupana	ɪ u p a n a
iupaþrō	ɪ u p a θ r o
ius	ɪ u s
iusila	ɪ u s ɪ l a
iusilōn	ɪ u s ɪ l o n
iusiza	ɪ u s ɪ z a
iuþa	ɪ u θ a
izei	ɪ z i
izwar	ɪ z w a r
ja	j a
jabai	j a β ɛ
jah	j a h
jai	j ɛ
jainar	j ɛ n a r
jaind	j ɛ n d
jaindrē	j ɛ n d r e
jaindwaírþs	j ɛ n d w ɛ r θ s
jains	j ɛ n s
jainþrō	j ɛ n θ r o
jaþþē	j a θː e
jau	j ɔ
jēr	j e r
Jesus	j e s u s
jiuka	j ɪ u k a
jiuk	j ɪ u k
Jiula	j ɪ u l a
jiuleis	j ɪ u l i s
jōta	j o t a
ju	j u
jūdaiwisks	j u ð ɛ w ɪ s k s
juggalauþs	j u ŋ ɡ a l ɔ θ s
juggs	j u ŋ ɡ s
juk	j u k
jukuzi	j u k u z ɪ
junda	j u n d a
jūs	j u s
jut	j u t
juþ	j u θ
jūzei	j u z i
kaìtàloipá	k ɛ t a l o ɪ p a
kaisar	k ɛ s a r
kaisaragild	k ɛ s a r a ɣ ɪ l d
kalb	k a l b
kalbō	k a l b o
kaldiggs	k a l d ɪ ŋ ɡ s
kalds	k a l d s
kalkinassus	k a l k ɪ n a sː u s
kalkinōn	k a l k ɪ n o n
kalkjō	k a l k j o
kanna	k a nː a
kannj	k a nː j
kapillōn	k a p ɪ lː o n
kappōn	k a pː o n
kara	k a r a
karja	k a r j a
karkara	k a r k a r a
karōn	k a r o n
karpa	k a r p a
kart	k a r t
kas	k a s
kasja	k a s j a
katils	k a t ɪ l s
kaup	k ɔ p
kaupatj	k ɔ p a t j
kaupōn	k ɔ p o n
kaúrb	k ɔ r b
kaúrbaúnas	k ɔ r b ɔ n a s
kaúrei	k ɔ r i
kaúreins	k ɔ r i n s
kaúriþa	k ɔ r ɪ θ a
kaúrj	k ɔ r j
kaúrn	k ɔ r n̥
kaúrnō	k ɔ r n o
kaúrus	k ɔ r u s
kausj	k ɔ s j
kawtsjō	k a w t s j o
kein	k i n
kēlikn	k e l ɪ k n̥
kil	k ɪ l
kilemschkop	k ɪ l e m s c h k o p
kilþ	k ɪ l θ
kilþei	k ɪ l θ i
kind	k ɪ n d
kindins	k ɪ n d ɪ n s
kinds	k ɪ n d s
kinnus	k ɪ nː u s
kintus	k ɪ n t u s
kius	k ɪ u s
klismj	k l ɪ s m j
klismō	k l ɪ s m o
kluba	k l u β a
knawana	k n a w a n a
kniu	k n ɪ u
knōþs	k n o θ s
knussj	k n u sː j
knussus	k n u sː u s
knutj	k n u t j
kōka	k o k a
kōni	k o n ɪ
kop	k o p
kramj	k r a m j
krampa	k r a m p a
krappa	k r a pː a
krattōn	k r a tː o n
kreit	k r i t
kreitus	k r i t u s
Krēks	k r e k s
kripja	k r ɪ p j a
kriust	k r ɪ u s t
krōtōn	k r o t o n
krūka	k r u k a
krukkja	k r u kː j a
kruppa	k r u pː a
krūska	k r u s k a
krūski	k r u s k ɪ
krusts	k r u s t s
kubitus	k u β ɪ t u s
kukj	k u k j
kumei	k u m i
kunawida	k u n a w ɪ ð a
kundj	k u n d j
kunds	k u n d s
kuni	k u n ɪ
kunnains	k u nː ɛ n s
kunn	k u nː
kuns	k u n s
kunþi	k u n θ ɪ
kunþj	k u n θ j
kunþs	k u n θ s
kuskeis	k u s k i s
kusma	k u s m a
kusts	k u s t s
kustus	k u s t u s
Kwreinaius	k w r i n ɛ u s
laggamōdei	l a ŋ ɡ a m o ð i
laggamōþs	l a ŋ ɡ a m o θ s
laggei	l a ŋ ɡ i
laggs	l a ŋ ɡ s
lagj	l a ɣ j
lagus	l a ɣ u s
lái	l ɛ
laiba	l ɛ β a
laibj	l ɛ β j
laidj	l ɛ ð j
laif	l ɛ ɸ
laigaiōn	l ɛ ɣ ɛ o n
laigōn	l ɛ ɣ o n
laik	l ɛ k
laiks	l ɛ k s
laíktjō	l ɛ k t j o
lais	l ɛ s
laisāreis	l ɛ s a r i s
laiseigs	l ɛ s i ɣ s
laiseins	l ɛ s i n s
laisiþs	l ɛ s ɪ θ s
laisj	l ɛ s j
laisō	l ɛ s o
laistj	l ɛ s t j
laistōn	l ɛ s t o n
laists	l ɛ s t s
laiþs	l ɛ θ s
Laiwweitus	l ɛ wː i t u s
lamb	l a m b
lameis	l a m i s
land	l a n d
landjō	l a n d j o
lapins	l a p ɪ n s
lasiws	l a s ɪ w s
laska	l a s k a
latei	l a t i
latj	l a t j
lats	l a t s
laþa	l a θ a
laþaleikō	l a θ a l i k o
laþaleiks	l a θ a l i k s
laþōn	l a θ o n
laþōns	l a θ o n s
laubei	l ɔ β i
laubja	l ɔ β j a
laubj	l ɔ β j
laubjōlaubi	l ɔ β j o l ɔ β ɪ
laudi	l ɔ ð ɪ
laufs	l ɔ ɸ s
laugnj	l ɔ ɣ n j
laugns	l ɔ ɣ n̥ s
lauhatj	l ɔ h a t j
lauhmuni	l ɔ h m u n ɪ
laun	l ɔ n
launawargs	l ɔ n a w a r ɡ s
launi	l ɔ n ɪ
laus	l ɔ s
lausawaúrdei	l ɔ s a w ɔ r d i
lausawaúrdi	l ɔ s a w ɔ r d ɪ
lausawaúrds	l ɔ s a w ɔ r d s
lauseins	l ɔ s i n s
laushandja	l ɔ s h a n d j a
laushandus	l ɔ s h a n d u s
lausj	l ɔ s j
lausqiþrei	l ɔ s kʷ ɪ θ r i
lausqiþrs	l ɔ s kʷ ɪ θ r̥ s
lauþs	l ɔ θ s
leihts	l i h t s
leiƕansis	l i ʍ a n s ɪ s
leik	l i k
leikains	l i k ɛ n s
leikei	l i k i
leikeins	l i k i n s
lein	l i n
leis	l i s
leisei	l i s i
leista	l i s t a
leitils	l i t ɪ l s
leiþ	l i θ
leiþu	l i θ u
lēkeis	l e k i s
lēkinassus	l e k ɪ n a sː u s
lēkinōn	l e k ɪ n o n
leodes	l e o ð e s
lēt	l e t
lētn	l e t n̥
lēts	l e t s
leuba	l e u β a
leuda	l e u ð a
leudis	l e u ð ɪ s
lēw	l e w
lēwj	l e w j
libains	l ɪ β ɛ n s
lib	l ɪ β
lif	l ɪ ɸ
lifn	l ɪ ɸ n̥
lifs	l ɪ ɸ s
lig	l ɪ ɣ
ligrs	l ɪ ɣ r̥ s
lima	l ɪ m a
lind	l ɪ n d
linda	l ɪ n d a
līs	l i s
lis	l ɪ s
liska	l ɪ s k a
lista	l ɪ s t a
listeigs	l ɪ s t i ɣ s
lists	l ɪ s t s
lita	l ɪ t a
liteins	l ɪ t i n s
litj	l ɪ t j
liþus	l ɪ θ u s
liubaleiks	l ɪ u β a l i k s
liud	l ɪ u ð
liufs	l ɪ u ɸ s
liug	l ɪ u ɣ
liuga	l ɪ u ɣ a
liugaiþs	l ɪ u ɣ ɛ θ s
liugands	l ɪ u ɣ a n d s
liugn	l ɪ u ɣ n̥
liugnapraufētus	l ɪ u ɣ n a p r ɔ ɸ e t u s
liugnawaúrds	l ɪ u ɣ n a w ɔ r d s
liugnja	l ɪ u ɣ n j a
liuhadei	l ɪ u h a ð i
liuhadeins	l ɪ u h a ð i n s
liuhaþ	l ɪ u h a θ
liuhtj	l ɪ u h t j
liuhts	l ɪ u h t s
lius	l ɪ u s
liuta	l ɪ u t a
liutei	l ɪ u t i
liuts	l ɪ u t s
liuþ	l ɪ u θ
liuþāreis	l ɪ u θ a r i s
liuþōn	l ɪ u θ o n
liuþs	l ɪ u θ s
liwa	l ɪ w a
lōfa	l o ɸ a
lōna	l o n a
lōþr	l o θ r̥
lubains	l u β ɛ n s
lub	l u β
lubi	l u β ɪ
lubjaleis	l u β j a l i s
lubjaleisei	l u β j a l i s i
lubō	l u β o
ludja	l u ð j a
lufeis	l u ɸ i s
luftus	l u ɸ t u s
luk	l u k
lūk	l u k
lukarn	l u k a r n̥
lukarnastaþa	l u k a r n a s t a θ a
lūkn	l u k n̥
luneins	l u n i n s
lunj	l u n j
luns	l u n s
lusn	l u s n̥
lustōn	l u s t o n
lusts	l u s t s
lustus	l u s t u s
lustusama	l u s t u s a m a
lutōn	l u t o n
mag	m a ɣ
magaþei	m a ɣ a θ i
magaþs	m a ɣ a θ s
magula	m a ɣ u l a
magus	m a ɣ u s
mahteigs	m a h t i ɣ s
mahts	m a h t s
maideins	m ɛ ð i n s
maidj	m ɛ ð j
maíhstus	m ɛ h s t u s
mail	m ɛ l
maímbrana	m ɛ m b r a n a
mains	m ɛ n s
mais	m ɛ s
maist	m ɛ s t
maists	m ɛ s t s
mait	m ɛ t
maiþms	m ɛ θ m̥ s
maiþs	m ɛ θ s
maiza	m ɛ z a
maizō	m ɛ z o
mala	m a l a
mal	m a l
malma	m a l m a
malō	m a l o
malsks	m a l s k s
malteins	m a l t i n s
maltj	m a l t j
malwj	m a l w j
mammō	m a mː o
mammōna	m a mː o n a
m	m
managdūþs	m a n a ɣ d u θ s
managei	m a n a ɣ i
managfalþs	m a n a ɣ ɸ a l θ s
managj	m a n a ɣ j
managn	m a n a ɣ n̥
manags	m a n a ɣ s
manamaúrþrja	m a n a m ɔ r θ r j a
manariggws	m a n a r ɪ ɡ ɡ w s
manasēþs	m a n a s e θ s
manauli	m a n ɔ l ɪ
manleika	m a n l i k a
manna	m a nː a
mannahun	m a nː a h u n
manniskōdus	m a nː ɪ s k o ð u s
mannisks	m a nː ɪ s k s
manwiþa	m a n w ɪ θ a
manwj	m a n w j
manwuba	m a n w u β a
manwus	m a n w u s
mar	m a r
maranaþa	m a r a n a θ a
marei	m a r i
marhs	m a r h s
marhskalks	m a r h s k a l k s
marikreitus	m a r ɪ k r i t u s
marisaiws	m a r ɪ s ɛ w s
marka	m a r k a
markōn	m a r k o n
martwr	m a r t w r̥
marþus	m a r θ u s
marzeins	m a r z i n s
marzj	m a r z j
masts	m a s t s
matibalgs	m a t ɪ β a l ɡ s
matj	m a t j
mats	m a t s
maþa	m a θ a
maþl	m a θ l̥
maþlei	m a θ l i
maþleis	m a θ l i s
maþlj	m a θ l j
maudj	m ɔ ð j
mauiþs	m ɔ ɪ θ s
maukō	m ɔ k o
maur	m ɔ r
maúrgins	m ɔ r ɡ ɪ n s
maúrgj	m ɔ r ɡ j
maúrgus	m ɔ r ɡ u s
maúrn	m ɔ r n̥
maúrþr	m ɔ r θ r̥
maúrþrja	m ɔ r θ r j a
maúrþrj	m ɔ r θ r j
mawi	m a w ɪ
mawilō	m a w ɪ l o
mēgs	m e ɣ s
meins	m i n s
mēki	m e k ɪ
mēl	m e l
mēla	m e l a
mēleins	m e l i n s
mēli	m e l ɪ
mēlj	m e l j
mēna	m e n a
mēnōþs	m e n o θ s
mēra	m e r a
mērei	m e r i
mēreins	m e r i n s
mēreis	m e r i s
mēriþa	m e r ɪ θ a
mērj	m e r j
mērjands	m e r j a n d s
mērn	m e r n̥
mēs	m e s
mēt	m e t
midgardiwaddjus	m ɪ ð ɡ a r d ɪ w a dː j u s
midjasweipains	m ɪ ð j a s w i p ɛ n s
midjis	m ɪ ð j ɪ s
midjungards	m ɪ ð j u n ɡ a r d s
miduma	m ɪ ð u m a
midumōn	m ɪ ð u m o n
midumōnds	m ɪ ð u m o n d s
midus	m ɪ ð u s
mikilaba	m ɪ k ɪ l a β a
mikildūþs	m ɪ k ɪ l d u θ s
mikilei	m ɪ k ɪ l i
mikilj	m ɪ k ɪ l j
mikiln	m ɪ k ɪ l n̥
mikils	m ɪ k ɪ l s
mikilþūhts	m ɪ k ɪ l θ u h t s
mildeis	m ɪ l d i s
mildiþa	m ɪ l d ɪ θ a
milhma	m ɪ l h m a
militōn	m ɪ l ɪ t o n
miliþ	m ɪ l ɪ θ
milt	m ɪ l t
milti	m ɪ l t ɪ
miluks	m ɪ l u k s
mimz	m ɪ m z
minds	m ɪ n d s
minnists	m ɪ nː ɪ s t s
minniza	m ɪ nː ɪ z a
mins	m ɪ n s
minzn	m ɪ n z n̥
missa	m ɪ sː a
missadēþs	m ɪ sː a ð e θ s
missaleiks	m ɪ sː a l i k s
missaquiss	m ɪ sː a kʷ u ɪ sː
missatauj	m ɪ sː a t ɔ j
missō	m ɪ sː o
mitadjō	m ɪ t a ð j o
mit	m ɪ t
mitaþs	m ɪ t a θ s
mitōn	m ɪ t o n
mitōns	m ɪ t o n s
miþ	m ɪ θ
miþanakumbj	m ɪ θ a n a k u m b j
miþarbaidj	m ɪ θ a r b ɛ ð j
miþfaginōn	m ɪ θ ɸ a ɣ ɪ n o n
miþfrahinþ	m ɪ θ ɸ r a h ɪ n θ
miþgadauþn	m ɪ θ ɡ a ð ɔ θ n̥
miþgagg	m ɪ θ ɡ a ŋ ɡ
miþgaleikōn	m ɪ θ ɡ a l i k o n
miþganawistrōn	m ɪ θ ɡ a n a w ɪ s t r o n
miþgaqiuj	m ɪ θ ɡ a kʷ ɪ u j
miþgasatj	m ɪ θ ɡ a s a t j
miþgaswilt	m ɪ θ ɡ a s w ɪ l t
miþgatimrj	m ɪ θ ɡ a t ɪ m r j
miþgatiuh	m ɪ θ ɡ a t ɪ u h
miþgawis	m ɪ θ ɡ a w ɪ s
miþinngaleiþ	m ɪ θ ɪ nː ɣ a l i θ
miþinsandj	m ɪ θ ɪ n s a n d j
miþkaúrj	m ɪ θ k ɔ r j
miþlib	m ɪ θ l ɪ β
miþlitj	m ɪ θ l ɪ t j
miþmatj	m ɪ θ m a t j
miþnim	m ɪ θ n ɪ m
miþqim	m ɪ θ kʷ ɪ m
miþqiþ	m ɪ θ kʷ ɪ θ
miþrōdj	m ɪ θ r o ð j
miþsandj	m ɪ θ s a n d j
miþsatj	m ɪ θ s a t j
miþskalkinōn	m ɪ θ s k a l k ɪ n o n
miþsōkj	m ɪ θ s o k j
miþstand	m ɪ θ s t a n d
miþþ	m ɪ θː
miþþanei	m ɪ θː a n i
miþþiudanōn	m ɪ θː ɪ u ð a n o n
miþurraisj	m ɪ θ u rː ɛ s j
miþurreis	m ɪ θ u rː i s
miþushramj	m ɪ θ u s h r a m j
miþuskein	m ɪ θ u s k i n
miþweitwōdj	m ɪ θ w i t w o ð j
miþwis	m ɪ θ w ɪ s
miþwiss	m ɪ θ w ɪ sː
miþwissei	m ɪ θ w ɪ sː i
miþwit	m ɪ θ w ɪ t
mizdō	m ɪ z d o
mōdags	m o ð a ɣ s
mōj	m o j
mōta	m o t a
mōt	m o t
mōtāreis	m o t a r i s
mōtastaþs	m o t a s t a θ s
mōtj	m o t j
mōþs	m o θ s
mudw	m u ð w
mudweins	m u ð w i n s
mug	m u ɣ
muirjō	m u ɪ r j o
mūkamōdei	m u k a m o ð i
mūkamōþs	m u k a m o θ s
mūks	m u k s
mūlā	m u l a
mulda	m u l d a
muldeins	m u l d i n s
mulma	m u l m a
mūlus	m u l u s
mun	m u n
munda	m u n d a
mundōn	m u n d o n
mundrei	m u n d r i
mundrs	m u n d r̥ s
munds	m u n d s
munnōn	m u nː o n
muns	m u n s
munþs	m u n θ s
mūs	m u s
mūstriggs	m u s t r ɪ ŋ ɡ s
nadrs	n a ð r̥ s
naglj	n a ɣ l j
nagls	n a ɣ l̥ s
nah	n a h
nahtamats	n a h t a m a t s
nahts	n a h t s
naiteins	n ɛ t i n s
naitj	n ɛ t j
namnj	n a m n j
namō	n a m o
nanþ	n a n θ
nanþj	n a n θ j
nanþs	n a n θ s
naqadei	n a kʷ a ð i
naqaþs	n a kʷ a θ s
nardus	n a r d u s
naseins	n a s i n s
nasj	n a s j
nasjands	n a s j a n d s
nastilō	n a s t ɪ l o
nati	n a t ɪ
natj	n a t j
nats	n a t s
nau	n ɔ
naubaimbair	n ɔ β ɛ m b ɛ r
naudibandi	n ɔ ð ɪ β a n d ɪ
naudiþaúrfts	n ɔ ð ɪ θ ɔ r ɸ t s
naúh	n ɔ h
naúha	n ɔ h a
naúhþ	n ɔ h θ
naúhþanuh	n ɔ h θ a n u h
naúhuþþ	n ɔ h u θː
naúrþs	n ɔ r θ s
naus	n ɔ s
nauþj	n ɔ θ j
nauþs	n ɔ θ s
nawis	n a w ɪ s
nawistr	n a w ɪ s t r̥
nawistrōn	n a w ɪ s t r o n
nawiswar	n a w ɪ s w a r
ne	n e
nēdrō	n e ð r o
nēƕ	n e ʍ
nēƕa	n e ʍ a
nēƕis	n e ʍ ɪ s
nēƕjansik	n e ʍ j a n s ɪ k
nēƕundi	n e ʍ u n d ɪ
nēƕundja	n e ʍ u n d j a
nei	n i
neiþ	n i θ
neiw	n i w
nēm	n e m
nēmeigs	n e m i ɣ s
nēms	n e m s
nēþla	n e θ l a
ni	n ɪ
nibai	n ɪ β ɛ
nidwa	n ɪ ð w a
nih	n ɪ h
nim	n ɪ m
nis	n ɪ s
nists	n ɪ s t s
niþ	n ɪ θ
niþjis	n ɪ θ j ɪ s
niþjō	n ɪ θ j o
niþþ	n ɪ θː
niu	n ɪ u
niuhseins	n ɪ u h s i n s
niuhsj	n ɪ u h s j
niuj	n ɪ u j
niujasatiþs	n ɪ u j a s a t ɪ θ s
niujis	n ɪ u j ɪ s
niujiþa	n ɪ u j ɪ θ a
niuklahei	n ɪ u k l a h i
niuklahs	n ɪ u k l a h s
niun	n ɪ u n
niunda	n ɪ u n d a
niungeldo	n ɪ u n ɡ e l d o
niuntēhund	n ɪ u n t e h u n d
niut	n ɪ u t
niuþs	n ɪ u θ s
nōhj	n o h j
nōhn	n o h n̥
nōhs	n o h s
noicz	n o ɪ c z
nōta	n o t a
nū	n u
nūh	n u h
numja	n u m j a
numts	n u m t s
nūnū	n u n u
nuta	n u t a
nuts	n u t s
ō	o
ofts	o ɸ t s
ōg	o ɣ
ōgj	o ɣ j
ōsanna	o s a nː a
Ostrogoþi	o s t r o ɣ o θ ɪ
ōþal	o θ a l
ōþli	o θ l ɪ
paida	p ɛ ð a
paidōn	p ɛ ð o n
paíntēdags	p ɛ n t e ð a ɣ s
paíntēkustē	p ɛ n t e k u s t e
paírþra	p ɛ r θ r a
papa	p a p a
paraklētus	p a r a k l e t u s
paraskaíwē	p a r a s k ɛ w e
pareinsdags	p a r i n s d a ɣ s
parra	p a rː a
paska	p a s k a
paúrpura	p ɔ r p u r a
paúrpurōn	p ɔ r p u r o n
paúrpurōþs	p ɔ r p u r o θ s
pauta	p ɔ t a
peika	p i k a
peikabagms	p i k a β a ɣ m̥ s
pistikeins	p ɪ s t ɪ k i n s
plapja	p l a p j a
plat	p l a t
plinsj	p l ɪ n s j
plōgs	p l o ɣ s
pragga	p r a ŋ ɡ a
pragg	p r a ŋ ɡ
praitōriaún	p r ɛ t o r ɪ ɔ n
praízbwtaírei	p r ɛ z b w t ɛ r i
praúfēteis	p r ɔ ɸ e t i s
praúfētes	p r ɔ ɸ e t e s
praúfētja	p r ɔ ɸ e t j a
praúfētj	p r ɔ ɸ e t j
psalmō	p s a l m o
puggs	p u ŋ ɡ s
pund	p u n d
qainōn	kʷ ɛ n o n
qaírnus	kʷ ɛ r n u s
qaírrei	kʷ ɛ rː i
qaírrus	kʷ ɛ rː u s
qaírþra	kʷ ɛ r θ r a
qaíru	kʷ ɛ r u
qaiwj	kʷ ɛ w j
qēniþs	kʷ e n ɪ θ s
qēnj	kʷ e n j
qēns	kʷ e n s
qēþs	kʷ e θ s
qidi	kʷ ɪ ð ɪ
qil	kʷ ɪ l
qim	kʷ ɪ m
qinakunds	kʷ ɪ n a k u n d s
qinein	kʷ ɪ n i n
qineins	kʷ ɪ n i n s
qinō	kʷ ɪ n o
qiss	kʷ ɪ sː
qisteins	kʷ ɪ s t i n s
qistj	kʷ ɪ s t j
qistn	kʷ ɪ s t n̥
qists	kʷ ɪ s t s
qiþ	kʷ ɪ θ
qiþr	kʷ ɪ θ r̥
qiþuhaftō	kʷ ɪ θ u h a ɸ t o
qiþuhafts	kʷ ɪ θ u h a ɸ t s
qiþus	kʷ ɪ θ u s
qiuj	kʷ ɪ u j
qiun	kʷ ɪ u n
qius	kʷ ɪ u s
qrammiþa	kʷ r a mː ɪ θ a
qramms	kʷ r a mː s
qums	kʷ u m s
qumþs	kʷ u m θ s
rabbaúnei	r a bː ɔ n i
rabbei	r a bː i
ragin	r a ɣ ɪ n
ragineis	r a ɣ ɪ n i s
ragini	r a ɣ ɪ n ɪ
raginōn	r a ɣ ɪ n o n
ragins	r a ɣ ɪ n s
rahna	r a h n a
rahnj	r a h n j
rahtōn	r a h t o n
raida	r ɛ ð a
raideins	r ɛ ð i n s
raidj	r ɛ ð j
raíhtaba	r ɛ h t a β a
raíhtei	r ɛ h t i
raíhteins	r ɛ h t i n s
raíhtis	r ɛ h t ɪ s
raíhtiþa	r ɛ h t ɪ θ a
raíhtj	r ɛ h t j
raíhts	r ɛ h t s
raip	r ɛ p
raisj	r ɛ s j
raiþs	r ɛ θ s
rak	r a k
raka	r a k a
rakj	r a k j
ram	r a m
rampa	r a m p a
r	r
randa	r a n d a
randus	r a n d u s
ranneins	r a nː i n s
rannj	r a nː j
rapōn	r a p o n
rappa	r a pː a
rasa	r a s a
rasta	r a s t a
raþ	r a θ
raþj	r a θ j
raþjō	r a θ j o
raþs	r a θ s
rauba	r ɔ β a
raubōn	r ɔ β o n
raúhtj	r ɔ h t j
raupa	r ɔ p a
raupj	r ɔ p j
raus	r ɔ s
rausa	r ɔ s a
raustj	r ɔ s t j
rauþs	r ɔ θ s
razda	r a z d a
razn	r a z n̥
razzj	r a zː j
rēd	r e ð
rēhsns	r e h s n̥ s
reid	r i ð
reikeis	r i k i s
reiki	r i k ɪ
reikinōn	r i k ɪ n o n
reiks	r i k s
reir	r i r
reirō	r i r o
reis	r i s
rēþs	r e θ s
ribja	r ɪ β j a
rift	r ɪ ɸ t
rigilō	r ɪ ɣ ɪ l o
rign	r ɪ ɣ n̥
rignj	r ɪ ɣ n j
rik	r ɪ k
rimis	r ɪ m ɪ s
rinn	r ɪ nː
rinnō	r ɪ nː o
rintsch	r ɪ n t s c h
riqis	r ɪ kʷ ɪ s
riqizeins	r ɪ kʷ ɪ z i n s
riqizj	r ɪ kʷ ɪ z j
rists	r ɪ s t s
riub	r ɪ u β
riud	r ɪ u ð
riudei	r ɪ u ð i
riudi	r ɪ u ð ɪ
riurei	r ɪ u r i
riureis	r ɪ u r i s
riurj	r ɪ u r j
rōdeins	r o ð i n s
rōdj	r o ð j
rōhsns	r o h s n̥ s
Rugeis	r u ɣ i s
rugi	r u ɣ ɪ
rukka	r u kː a
rūm	r u m
Rūma	r u m a
rūmn	r u m n̥
Rūmōneis	r u m o n i s
rūms	r u m s
rūna	r u n a
rūni	r u n ɪ
runjō	r u n j o
runs	r u n s
rupatj	r u p a t j
rus	r u s
rusma	r u s m a
sa	s a
saba	s a β a
sab	s a β
sabbatō	s a bː a t o
sada	s a ð a
Saddukaieis	s a dː u k ɛ i s
saei	s a i
sag	s a ɣ
saggqj	s a ŋ ɡ kʷ j
saggqs	s a ŋ ɡ kʷ s
saggws	s a ɡ ɡ w s
sagja	s a ɣ j a
sagjis	s a ɣ j ɪ s
sah	s a h
sahrja	s a h r j a
sahs	s a h s
sahtaba	s a h t a β a
sahts	s a h t s
saƕazuh	s a ʍ a z u h
sai	s ɛ
sái	s ɛ
saíhs	s ɛ h s
saíhsta	s ɛ h s t a
saíƕ	s ɛ ʍ
sail	s ɛ l
sailj	s ɛ l j
sainj	s ɛ n j
sainus	s ɛ n u s
saio	s ɛ o
sair	s ɛ r
saiwala	s ɛ w a l a
saiws	s ɛ w s
sak	s a k
sakjō	s a k j o
sakkus	s a kː u s
sakuls	s a k u l s
salba	s a l b a
salbōn	s a l b o n
salbōns	s a l b o n s
saldra	s a l d r a
saliþwa	s a l ɪ θ w a
salj	s a l j
sals	s a l s
salt	s a l t
saltans	s a l t a n s
salwa	s a l w a
sama	s a m a
samafraþjis	s a m a ɸ r a θ j ɪ s
samakuns	s a m a k u n s
samalauþs	s a m a l ɔ θ s
samaleikō	s a m a l i k o
samaleiks	s a m a l i k s
samana	s a m a n a
samaqiss	s a m a kʷ ɪ sː
Samareitēs	s a m a r i t e s
samasaiwals	s a m a s ɛ w a l s
samaþ	s a m a θ
samj	s a m j
sanda	s a n d a
sandj	s a n d j
sanþs	s a n θ s
sarwa	s a r w a
sateins	s a t i n s
satiþs	s a t ɪ θ s
satj	s a t j
saþs	s a θ s
saúhts	s ɔ h t s
sáuil	s ɔ ɪ l
sauleins	s ɔ l i n s
saulj	s ɔ l j
sauljō	s ɔ l j o
sauln	s ɔ l n̥
sauls	s ɔ l s
Saúr	s ɔ r
saúrga	s ɔ r ɡ a
saúrg	s ɔ r ɡ
Saúrini	s ɔ r ɪ n ɪ
Saúrja	s ɔ r j a
saurj	s ɔ r j
sauþa	s ɔ θ a
sauþs	s ɔ θ s
scancia	s c a n c ɪ a
scaptus	s c a p t u s
schediit	s c h e ð ɪ ɪ t
scrama	s c r a m a
Seidoneis	s i ð o n i s
seil	s i l
seinagaírns	s i n a ɣ ɛ r n̥ s
seins	s i n s
seiteins	s i t i n s
seiþs	s i θ s
seiþus	s i θ u s
sēlei	s e l i
sēls	s e l s
sēti	s e t ɪ
sēþs	s e θ s
sibakþani	s ɪ β a k θ a n ɪ
sibja	s ɪ β j a
sibjis	s ɪ β j ɪ s
sibjōn	s ɪ β j o n
sibun	s ɪ β u n
sibunda	s ɪ β u n d a
sibuntēhund	s ɪ β u n t e h u n d
sidōnsis	s ɪ ð o n s ɪ s
sidus	s ɪ ð u s
sif	s ɪ ɸ
siggw	s ɪ ɡ ɡ w
sigis	s ɪ ɣ ɪ s
sigislaun	s ɪ ɣ ɪ s l ɔ n
siglj	s ɪ ɣ l j
sigljō	s ɪ ɣ l j o
sigq	s ɪ ŋ kʷ
sigus	s ɪ ɣ u s
sik	s ɪ k
sikls	s ɪ k l̥ s
sil	s ɪ l
silba	s ɪ l b a
silbasiuneis	s ɪ l b a s ɪ u n i s
silbawiljis	s ɪ l b a w ɪ l j ɪ s
silda	s ɪ l d a
sildaleik	s ɪ l d a l i k
sildaleikj	s ɪ l d a l i k j
sildaleikn	s ɪ l d a l i k n̥
sildaleiks	s ɪ l d a l i k s
silubr	s ɪ l u β r̥
silubreins	s ɪ l u β r i n s
simlē	s ɪ m l e
sinaps	s ɪ n a p s
sineigs	s ɪ n i ɣ s
siniskalks	s ɪ n ɪ s k a l k s
sins	s ɪ n s
sinteinō	s ɪ n t i n o
sinteins	s ɪ n t i n s
sinþ	s ɪ n θ
sinþs	s ɪ n θ s
sipōneis	s ɪ p o n i s
sipōnj	s ɪ p o n j
sis	s ɪ s
sisi	s ɪ s ɪ
sit	s ɪ t
sitls	s ɪ t l̥ s
siud	s ɪ u ð
siuj	s ɪ u j
siuk	s ɪ u k
siukei	s ɪ u k i
siuks	s ɪ u k s
siuneis	s ɪ u n i s
siuniba	s ɪ u n ɪ β a
siuns	s ɪ u n s
siurjō	s ɪ u r j o
skab	s k a β
skadus	s k a ð u s
skadweins	s k a ð w i n s
skadwj	s k a ð w j
skaftjansik	s k a ɸ t j a n s ɪ k
skafts	s k a ɸ t s
skagkja	s k a ŋ k j a
skagkj	s k a ŋ k j
skaid	s k ɛ ð
skaideins	s k ɛ ð i n s
skaidn	s k ɛ ð n̥
skaírmj	s k ɛ r m j
skaírnj	s k ɛ r n j
skairpa	s k ɛ r p a
skalja	s k a l j a
skalkinassus	s k a l k ɪ n a sː u s
skalkinōn	s k a l k ɪ n o n
skalks	s k a l k s
skama	s k a m a
skamansik	s k a m a n s ɪ k
skanda	s k a n d a
skapja	s k a p j a
skapj	s k a p j
skapt	s k a p t
skarda	s k a r d a
skarja	s k a r j a
skarj	s k a r j
skarpa	s k a r p a
skattja	s k a tː j a
skatts	s k a tː s
skaþaliggs	s k a θ a l ɪ ŋ ɡ s
skaþis	s k a θ ɪ s
skaþj	s k a θ j
skaþuls	s k a θ u l s
skaudaraip	s k ɔ ð a r ɛ p
skaunei	s k ɔ n i
skauns	s k ɔ n s
skaúrō	s k ɔ r o
skaúrpjō	s k ɔ r p j o
skauts	s k ɔ t s
skeima	s k i m a
skein	s k i n
skeireins	s k i r i n s
skeirja	s k i r j a
skeirj	s k i r j
skeirs	s k i r s
skeit	s k i t
skēwj	s k e w j
skildus	s k ɪ l d u s
skilja	s k ɪ l j a
skilla	s k ɪ lː a
skilliggs	s k ɪ lː ɪ ŋ ɡ s
skip	s k ɪ p
skiub	s k ɪ u β
skiut	s k ɪ u t
skōhs	s k o h s
skōhsl	s k o h s l̥
skorr	s k o rː
skorristr	s k o rː ɪ s t r̥
skramma	s k r a mː a
skreit	s k r i t
skritn	s k r ɪ t n̥
skuft	s k u ɸ t
skuggwa	s k u ɡ ɡ w a
skula	s k u l a
skul	s k u l
skuld	s k u l d
skuldō	s k u l d o
skulka	s k u l k a
skūms	s k u m s
skuppa	s k u pː a
skūra	s k u r a
Skwþus	s k w θ u s
slahals	s l a h a l s
slah	s l a h
slahs	s l a h s
slahta	s l a h t a
slaíhts	s l ɛ h t s
slaufa	s l ɔ ɸ a
slaúhts	s l ɔ h t s
slaupj	s l ɔ p j
slaw	s l a w
slawiþa	s l a w ɪ θ a
sleip	s l i p
sleipj	s l i p j
sleiþa	s l i θ a
sleiþei	s l i θ i
sleiþj	s l i θ j
sleiþs	s l i θ s
slēp	s l e p
slēps	s l e p s
slimbs	s l ɪ m b s
slind	s l ɪ n d
slipj	s l ɪ p j
slitj	s l ɪ t j
sliup	s l ɪ u p
smaírþr	s m ɛ r θ r̥
smakka	s m a kː a
smakkabagms	s m a kː a β a ɣ m̥ s
smals	s m a l s
smaltj	s m a l t j
smalts	s m a l t s
smarna	s m a r n a
smeit	s m i t
smikwa	s m ɪ k w a
smiþa	s m ɪ θ a
smiþōn	s m ɪ θ o n
smiþs	s m ɪ θ s
smiug	s m ɪ u ɣ
smwrn	s m w r n̥
snaga	s n a ɣ a
snaírp	s n ɛ r p
snaiws	s n ɛ w s
snarpj	s n a r p j
sneiþ	s n i θ
sneiw	s n i w
snills	s n ɪ lː s
snippa	s n ɪ pː a
sniumj	s n ɪ u m j
sniums	s n ɪ u m s
sniumundō	s n ɪ u m u n d o
sniw	s n ɪ w
snōbō	s n o β o
snōrjō	s n o r j o
snōrs	s n o r s
snutrei	s n u t r i
snutrs	s n u t r̥ s
snuzō	s n u z o
sōkāreis	s o k a r i s
sōkeins	s o k i n s
sōkja	s o k j a
sōkj	s o k j
sōkns	s o k n̥ s
sōks	s o k s
sōna	s o n a
sōþ	s o θ
sōþj	s o θ j
spadingus	s p a ð ɪ n ɡ u s
spaíha	s p ɛ h a
spaíhōn	s p ɛ h o n
spaíkulatur	s p ɛ k u l a t u r
spaiskuldr	s p ɛ s k u l d r̥
sparra	s p a rː a
sparuks	s p a r u k s
sparwa	s p a r w a
sparwāreis	s p a r w a r i s
spaúra	s p ɔ r a
spaúrds	s p ɔ r d s
spēdiza	s p e ð ɪ z a
speiw	s p i w
spēþs	s p e θ s
speuts	s p e u t s
spilda	s p ɪ l d a
spill	s p ɪ lː
spilla	s p ɪ lː a
spillōn	s p ɪ lː o n
spinn	s p ɪ nː
spitus	s p ɪ t u s
spiuts	s p ɪ u t s
spōla	s p o l a
sprautō	s p r ɔ t o
spriut	s p r ɪ u t
spwreida	s p w r i ð a
stadj	s t a ð j
stafs	s t a ɸ s
stagga	s t a ŋ ɡ a
stagg	s t a ŋ ɡ
stagqj	s t a ŋ kʷ j
staiga	s t ɛ ɣ a
stainahs	s t ɛ n a h s
staineins	s t ɛ n i n s
stainj	s t ɛ n j
stains	s t ɛ n s
staírnō	s t ɛ r n o
staírō	s t ɛ r o
staka	s t a k a
stakeins	s t a k i n s
stakj	s t a k j
stakkōn	s t a kː o n
staks	s t a k s
stald	s t a l d
stalds	s t a l d s
stalla	s t a lː a
stamms	s t a mː s
stampa	s t a m p a
stampj	s t a m p j
stampōn	s t a m p o n
stand	s t a n d
stap	s t a p
starks	s t a r k s
stasseis	s t a sː i s
staþa	s t a θ a
staþjis	s t a θ j ɪ s
staþs	s t a θ s
stáua	s t ɔ a
stáuastōls	s t ɔ a s t o l s
staúrkn	s t ɔ r k n̥
staúrmj	s t ɔ r m j
staúrms	s t ɔ r m̥ s
staúrr	s t ɔ rː
staut	s t ɔ t
stega	s t e ɣ a
steig	s t i ɣ
stibna	s t ɪ β n a
stiga	s t ɪ ɣ a
stiggils	s t ɪ ŋ ɡ ɪ l s
stigq	s t ɪ ŋ kʷ
stika	s t ɪ k a
stik	s t ɪ k
stikils	s t ɪ k ɪ l s
stikls	s t ɪ k l̥ s
stiks	s t ɪ k s
stil	s t ɪ l
stiur	s t ɪ u r
stiurei	s t ɪ u r i
stiuri	s t ɪ u r ɪ
stiuriba	s t ɪ u r ɪ β a
stiurj	s t ɪ u r j
stiurs	s t ɪ u r s
stiwiti	s t ɪ w ɪ t ɪ
stōdeins	s t o ð i n s
stōj	s t o j
stōls	s t o l s
stōma	s t o m a
stōþ	s t o θ
stōþs	s t o θ s
strappōn	s t r a pː o n
strau	s t r ɔ
strauj	s t r ɔ j
straupj	s t r ɔ p j
straupōn	s t r ɔ p o n
strava	s t r a v a
streik	s t r i k
strigga	s t r ɪ ŋ ɡ a
striks	s t r ɪ k s
stubjus	s t u β j u s
stuggj	s t u ŋ ɡ j
stuggq	s t u ŋ ɡ kʷ
stuggs	s t u ŋ ɡ s
stunda	s t u n d a
stūriliggs	s t u r ɪ l ɪ ŋ ɡ s
stutja	s t u t j a
stuþj	s t u θ j
sugil	s u ɣ ɪ l
sulja	s u l j a
sūlj	s u l j
sum	s u m
sums	s u m s
sundi	s u n d ɪ
sundrō	s u n d r o
sunja	s u n j a
sunjaba	s u n j a β a
sunjeins	s u n j i n s
sunjis	s u n j ɪ s
sunjōn	s u n j o n
sunjōns	s u n j o n s
sunnō	s u nː o
suns	s u n s
sunsaiw	s u n s ɛ w
sunsei	s u n s i
sunþar	s u n θ a r
sunus	s u n u s
sūpa	s u p a
sūp	s u p
supōn	s u p o n
suppa	s u pː a
suppōn	s u pː o n
suqn	s u kʷ n
sūs	s u s
sūti	s u t ɪ
sūtis	s u t ɪ s
suþj	s u θ j
suþjōn	s u θ j o n
swa	s w a
swaei	s w a i
swaggwj	s w a ɡ ɡ w j
swah	s w a h
swaíhra	s w ɛ h r a
swaíhrō	s w ɛ h r o
swaírb	s w ɛ r b
swalauþs	s w a l ɔ θ s
swaleiks	s w a l i k s
swalleins	s w a lː i n s
swallj	s w a lː j
swamms	s w a mː s
swans	s w a n s
swara	s w a r a
swar	s w a r
swarē	s w a r e
swartis	s w a r t ɪ s
swartizl	s w a r t ɪ z l̥
swartj	s w a r t j
swarts	s w a r t s
swaswē	s w a s w e
swaþþ	s w a θː
swau	s w ɔ
swē	s w e
Swēbōs	s w e β o s
swēgniþa	s w e ɣ n ɪ θ a
swēgnj	s w e ɣ n j
swēgns	s w e ɣ n̥ s
sweib	s w i β
sweibands	s w i β a n d s
swein	s w i n
sweins	s w i n s
sweipains	s w i p ɛ n s
sweip	s w i p
Swēōs	s w e o s
swēr	s w e r
swērei	s w e r i
swēriþa	s w e r ɪ θ a
swērs	s w e r s
swēs	s w e s
swēþauh	s w e θ ɔ h
swibls	s w ɪ β l̥ s
swiggw	s w ɪ ɡ ɡ w
swigl	s w ɪ ɣ l̥
swiglja	s w ɪ ɣ l j a
swiglōn	s w ɪ ɣ l o n
swiknaba	s w ɪ k n a β a
swiknei	s w ɪ k n i
swikneins	s w ɪ k n i n s
swikniþa	s w ɪ k n ɪ θ a
swiknj	s w ɪ k n j
swikns	s w ɪ k n̥ s
swikunþaba	s w ɪ k u n θ a β a
swikunþj	s w ɪ k u n θ j
swikunþs	s w ɪ k u n θ s
swill	s w ɪ lː
swilt	s w ɪ l t
swimm	s w ɪ mː
swinþei	s w ɪ n θ i
swinþj	s w ɪ n θ j
swinþn	s w ɪ n θ n̥
swinþs	s w ɪ n θ s
swistar	s w ɪ s t a r
swnagōgafaþs	s w n a ɣ o ɣ a ɸ a θ s
swnagōgē	s w n a ɣ o ɣ e
swōg	s w o ɣ
swōgatj	s w o ɣ a t j
swōgj	s w o ɣ j
swōgs	s w o ɣ s
swultawaírþja	s w u l t a w ɛ r θ j a
swultawaírþs	s w u l t a w ɛ r θ s
swults	s w u l t s
swumfsl	s w u m ɸ s l̥
tab	t a β
taddora	t a dː o r a
tagl	t a ɣ l̥
tagr	t a ɣ r̥
tagrj	t a ɣ r j
tahanj	t a h a n j
taheins	t a h i n s
tahj	t a h j
tāhus	t a h u s
taíhswa	t ɛ h s w a
taíhun	t ɛ h u n
taíhunda	t ɛ h u n d a
taíhuntaíhundfalþs	t ɛ h u n t ɛ h u n d ɸ a l θ s
taíhuntēhund	t ɛ h u n t e h u n d
taíhuntēweis	t ɛ h u n t e w i s
taikn	t ɛ k n̥
taikneins	t ɛ k n i n s
taiknj	t ɛ k n j
taikns	t ɛ k n̥ s
tainjō	t ɛ n j o
tains	t ɛ n s
taír	t ɛ r
Taírwiggōs	t ɛ r w ɪ ŋ ɡ o s
taítrarkēs	t ɛ t r a r k e s
taleiþa	t a l i θ a
talōn	t a l o n
tals	t a l s
talzeins	t a l z i n s
talzj	t a l z j
talzjands	t a l z j a n d s
tamj	t a m j
tams	t a m s
tandj	t a n d j
tappa	t a pː a
tarhj	t a r h j
tarmj	t a r m j
tarnj	t a r n j
taskōn	t a s k o n
taturō	t a t u r o
taúhts	t ɔ h t s
táui	t ɔ ɪ
tauj	t ɔ j
taujands	t ɔ j a n d s
taúra	t ɔ r a
taúrn	t ɔ r n̥
taúrþs	t ɔ r θ s
tē	t e
tēhund	t e h u n d
teih	t i h
tēk	t e k
telich	t e l ɪ c h
tēlōn	t e l o n
tēmiba	t e m ɪ β a
tēms	t e m s
Tērvingi	t e r v ɪ n ɡ ɪ
tēwa	t e w a
tēweis	t e w i s
tēwj	t e w j
the	t h e
thīnita	t h i n ɪ t a
thīntria	t h i n t r ɪ a
thīntua	t h i n t u a
tibr	t ɪ β r̥
tigjus	t ɪ ɣ j u s
tilamalsks	t ɪ l a m a l s k s
tilarēþs	t ɪ l a r e θ s
tilōn	t ɪ l o n
tils	t ɪ l s
tim	t ɪ m
timr	t ɪ m r̥
timreins	t ɪ m r i n s
timrja	t ɪ m r j a
timrj	t ɪ m r j
timrjō	t ɪ m r j o
tiuh	t ɪ u h
tiuhi	t ɪ u h ɪ
tōjis	t o j ɪ s
tōl	t o l
tráuains	t r ɔ ɛ n s
tráu	t r ɔ
trausti	t r ɔ s t ɪ
trausts	t r ɔ s t s
trig	t r ɪ ɣ
triggwa	t r ɪ ɡ ɡ w a
triggwaba	t r ɪ ɡ ɡ w a β a
triggws	t r ɪ ɡ ɡ w s
trigō	t r ɪ ɣ o
trimp	t r ɪ m p
triniungeldo	t r ɪ n ɪ u n ɡ e l d o
trippōn	t r ɪ pː o n
triu	t r ɪ u
triweins	t r ɪ w i n s
trud	t r u ð
trusnj	t r u s n j
tufa	t u ɸ a
tuga	t u ɣ a
tuggl	t u ŋ ɡ l̥
tuggō	t u ŋ ɡ o
tuld	t u l d
tulgiþa	t u l ɡ ɪ θ a
tulgj	t u l ɡ j
tulgus	t u l ɡ u s
tūn	t u n
tundi	t u n d ɪ
tundn	t u n d n̥
tunþus	t u n θ u s
tuz	t u z
tuzwērj	t u z w e r j
tuzwērs	t u z w e r s
twai	t w ɛ
twaitigjus	t w ɛ t ɪ ɣ j u s
twalibwintrus	t w a l ɪ β w ɪ n t r u s
twalif	t w a l ɪ ɸ
tweifleins	t w i ɸ l i n s
tweiflj	t w i ɸ l j
tweifls	t w i ɸ l̥ s
tweihnai	t w i h n ɛ
twis	t w ɪ s
twisstand	t w ɪ sː t a n d
twisstass	t w ɪ sː t a sː
tyz	t j z
þadei	θ a ð i
þagkj	θ a ŋ k j
þagks	θ a ŋ k s
þahains	θ a h ɛ n s
þah	θ a h
þāhō	θ a h o
þahsus	θ a h s u s
þaírh	θ ɛ r h
þaírharbaidj	θ ɛ r h a r b ɛ ð j
þaírhbaír	θ ɛ r h b ɛ r
þaírhgagg	θ ɛ r h ɡ a ŋ ɡ
þaírhgaleikōn	θ ɛ r h ɡ a l i k o n
þaírhleiþ	θ ɛ r h l i θ
þaírhsaíƕ	θ ɛ r h s ɛ ʍ
þaírhwak	θ ɛ r h w a k
þaírhwis	θ ɛ r h w ɪ s
þaírkō	θ ɛ r k o
þaírs	θ ɛ r s
þakj	θ a k j
þ	θ
þana	θ a n a
þanamais	θ a n a m ɛ s
þanaseiþs	θ a n a s i θ s
þandē	θ a n d e
þanei	θ a n i
þanj	θ a n j
þannu	θ a nː u
þanuh	θ a n u h
þar	θ a r
þarba	θ a r b a
þarb	θ a r b
þarbs	θ a r b s
þarei	θ a r i
þarihs	θ a r ɪ h s
þaruh	θ a r u h
þatain	θ a t ɛ n
þatainei	θ a t ɛ n i
þatei	θ a t i
þaþrō	θ a θ r o
þaþrōei	θ a θ r o i
þaþrōh	θ a θ r o h
þau	θ ɔ
þauh	θ ɔ h
þauhjabai	θ ɔ h j a β ɛ
þaúr	θ ɔ r
þaúrb	θ ɔ r b
þaúrbs	θ ɔ r b s
þaúrfts	θ ɔ r ɸ t s
þaúris	θ ɔ r ɪ s
þaúrneins	θ ɔ r n i n s
þaúrnja	θ ɔ r n j a
þaúrnus	θ ɔ r n u s
þaúrp	θ ɔ r p
þaúrsiþs	θ ɔ r s ɪ θ s
þaúrsj	θ ɔ r s j
þaursn	θ ɔ r s n̥
þaúrstei	θ ɔ r s t i
þaúrsts	θ ɔ r s t s
þaúrsus	θ ɔ r s u s
þē	θ e
þēei	θ e i
þei	θ i
þeih	θ i h
þeihs	θ i h s
þeihwō	θ i h w o
þeins	θ i n s
þēwis	θ e w ɪ s
þiljō	θ ɪ l j o
þins	θ ɪ n s
þiqj	θ ɪ kʷ j
þishun	θ ɪ s h u n
þisƕaduh	θ ɪ s ʍ a ð u h
þisƕaruh	θ ɪ s ʍ a r u h
þisƕazuh	θ ɪ s ʍ a z u h
þiubi	θ ɪ u β ɪ
þiubjis	θ ɪ u β j ɪ s
þiubjō	θ ɪ u β j o
þiuda	θ ɪ u ð a
þiudangardi	θ ɪ u ð a n ɡ a r d ɪ
þiudanōn	θ ɪ u ð a n o n
þiudans	θ ɪ u ð a n s
þiudinassus	θ ɪ u ð ɪ n a sː u s
þiudiskō	θ ɪ u ð ɪ s k o
þiufaþia	θ ɪ u ɸ a θ ɪ a
þiufaþs	θ ɪ u ɸ a θ s
þiufaþus	θ ɪ u ɸ a θ u s
þiufs	θ ɪ u ɸ s
þiuh	θ ɪ u h
þiuhbrōks	θ ɪ u h b r o k s
þiumagus	θ ɪ u m a ɣ u s
þius	θ ɪ u s
þiuþ	θ ɪ u θ
þiuþei	θ ɪ u θ i
þiuþeigs	θ ɪ u θ i ɣ s
þiuþeins	θ ɪ u θ i n s
þiuþiqiss	θ ɪ u θ ɪ kʷ ɪ sː
þiuþj	θ ɪ u θ j
þiuþs	θ ɪ u θ s
þiuþspillōn	θ ɪ u θ s p ɪ lː o n
þiwadw	θ ɪ w a ð w
þiwairna	θ ɪ w ɛ r n a
þiw	θ ɪ w
þiwi	θ ɪ w ɪ
þlahsj	θ l a h s j
þlahsn	θ l a h s n̥
þlaih	θ l ɛ h
þlaihts	θ l ɛ h t s
þlaqus	θ l a kʷ u s
þlaúhs	θ l ɔ h s
þliuh	θ l ɪ u h
þrafsteins	θ r a ɸ s t i n s
þrafstj	θ r a ɸ s t j
þrafsts	θ r a ɸ s t s
þragj	θ r a ɣ j
þraihn	θ r ɛ h n̥
þramstei	θ r a m s t i
þras	θ r a s
þrasabalþei	θ r a s a β a l θ i
þrasabalþs	θ r a s a β a l θ s
þreih	θ r i h
þreihsl	θ r i h s l̥
þreis	θ r i s
þreistigjus	θ r i s t ɪ ɣ j u s
þridja	θ r ɪ ð j a
þridjataihun	θ r ɪ ð j a t ɛ h u n
þridjō	θ r ɪ ð j o
þrimm	θ r ɪ mː
þrisk	θ r ɪ s k
þriut	θ r ɪ u t
þrōþj	θ r o θ j
þruks	θ r u k s
þrūtsfill	θ r u t s ɸ ɪ lː
þrūtsfills	θ r u t s ɸ ɪ lː s
þrūþs	θ r u θ s
þū	θ u
þūei	θ u i
þufaz	θ u ɸ a z
þugkj	θ u ŋ k j
þūhts	θ u h t s
þūhtus	θ u h t u s
þulains	θ u l ɛ n s
þul	θ u l
þulds	θ u l d s
þunara	θ u n a r a
þund	θ u n d
þunds	θ u n d s
þūs	θ u s
þūsundi	θ u s u n d ɪ
þūsundifaþs	θ u s u n d ɪ ɸ a θ s
þuthaúrn	θ u t h ɔ r n̥
þuthaúrnj	θ u t h ɔ r n j
þuts	θ u t s
þwah	θ w a h
þwahl	θ w a h l̥
þwaírhei	θ w ɛ r h i
þwaírhs	θ w ɛ r h s
þwastiþa	θ w a s t ɪ θ a
þwastj	θ w a s t j
þwasts	θ w a s t s
þwmiama	θ w m ɪ a m a
u	u
ubil	u β ɪ l
ubilaba	u β ɪ l a β a
ubils	u β ɪ l s
ubiltōjis	u β ɪ l t o j ɪ s
ubilwaúrdj	u β ɪ l w ɔ r d j
ubilwaúrds	u β ɪ l w ɔ r d s
ubizwa	u β ɪ z w a
ubuh	u β u h
uf	u ɸ
ufaiþeis	u ɸ ɛ θ i s
ufanus	u ɸ a n u s
ufar	u ɸ a r
ufara	u ɸ a r a
ufarassj	u ɸ a r a sː j
ufarassus	u ɸ a r a sː u s
ufarfullei	u ɸ a r ɸ u lː i
ufarfullj	u ɸ a r ɸ u lː j
ufarfulls	u ɸ a r ɸ u lː s
ufargagg	u ɸ a r ɡ a ŋ ɡ
ufargiut	u ɸ a r ɡ ɪ u t
ufargudja	u ɸ a r ɡ u ð j a
ufarhafj	u ɸ a r h a ɸ j
ufarhafn	u ɸ a r h a ɸ n̥
ufarhamōn	u ɸ a r h a m o n
ufarhauhj	u ɸ a r h ɔ h j
ufarhauseins	u ɸ a r h ɔ s i n s
ufarhausj	u ɸ a r h ɔ s j
ufarhiminakunds	u ɸ a r h ɪ m ɪ n a k u n d s
ufarhleiþrj	u ɸ a r h l i θ r j
ufarhugj	u ɸ a r h u ɣ j
ufarjaina	u ɸ a r j ɛ n a
ufarlagj	u ɸ a r l a ɣ j
ufarleiþ	u ɸ a r l i θ
ufarmaudei	u ɸ a r m ɔ ð i
ufarmaudj	u ɸ a r m ɔ ð j
ufarmēleins	u ɸ a r m e l i n s
ufarmēli	u ɸ a r m e l ɪ
ufarmēlj	u ɸ a r m e l j
ufarmitōn	u ɸ a r m ɪ t o n
ufarmunnōn	u ɸ a r m u nː o n
ufarō	u ɸ a r o
ufarranneins	u ɸ a rː a nː i n s
ufarrannj	u ɸ a rː a nː j
ufarskadwj	u ɸ a r s k a ð w j
ufarskafts	u ɸ a r s k a ɸ t s
ufarsteig	u ɸ a r s t i ɣ
ufarswara	u ɸ a r s w a r a
ufarswar	u ɸ a r s w a r
ufartrusnj	u ɸ a r t r u s n j
ufarþeih	u ɸ a r θ i h
ufarwahsj	u ɸ a r w a h s j
ufarwis	u ɸ a r w ɪ s
ufbaulj	u ɸ b ɔ l j
ufblēs	u ɸ b l e s
ufbrik	u ɸ b r ɪ k
ufbrinn	u ɸ b r ɪ nː
ufdaupj	u ɸ d ɔ p j
ufgaírd	u ɸ ɡ ɛ r d
ufgrab	u ɸ ɡ r a β
ufhab	u ɸ h a β
ufhauseins	u ɸ h ɔ s i n s
ufhausj	u ɸ h ɔ s j
ufhlōhj	u ɸ h l o h j
ufhnaiweins	u ɸ h n ɛ w i n s
ufhnaiwj	u ɸ h n ɛ w j
ufhrōpj	u ɸ h r o p j
ufjō	u ɸ j o
ufkunn	u ɸ k u nː
ufkunþi	u ɸ k u n θ ɪ
uflig	u ɸ l ɪ ɣ
ufmēlj	u ɸ m e l j
ufrakj	u ɸ r a k j
ufsaggqj	u ɸ s a ŋ ɡ kʷ j
ufsliup	u ɸ s l ɪ u p
ufsneiþ	u ɸ s n i θ
ufstrauj	u ɸ s t r ɔ j
ufswalleins	u ɸ s w a lː i n s
ufswallj	u ɸ s w a lː j
ufswōgj	u ɸ s w o ɣ j
ufta	u ɸ t a
uftō	u ɸ t o
ufþanj	u ɸ θ a n j
ufwaíra	u ɸ w ɛ r a
ufwōpj	u ɸ w o p j
ugkar	u ŋ k a r
ugkja	u ŋ k j a
uh	u h
ūhteigō	u h t i ɣ o
ūhteigs	u h t i ɣ s
ūhti	u h t ɪ
ūhtiugs	u h t ɪ u ɣ s
ūhtwō	u h t w o
ulbandus	u l b a n d u s
un	u n
unagands	u n a ɣ a n d s
unagei	u n a ɣ i
unags	u n a ɣ s
unaírkns	u n ɛ r k n̥ s
unaiwisks	u n ɛ w ɪ s k s
unanasiuniba	u n a n a s ɪ u n ɪ β a
unanasiuns	u n a n a s ɪ u n s
unandhuliþs	u n a n d h u l ɪ θ s
unandsakans	u n a n d s a k a n s
unandsōks	u n a n d s o k s
unatgāhts	u n a t ɡ a h t s
unbaírands	u n b ɛ r a n d s
unbarnahs	u n b a r n a h s
unbaúrans	u n b ɔ r a n s
unbeistei	u n b i s t i
unbeistjōþs	u n b i s t j o θ s
unbiari	u n b ɪ a r ɪ
unbilaistiþs	u n b ɪ l ɛ s t ɪ θ s
unbimait	u n b ɪ m ɛ t
unbimaitans	u n b ɪ m ɛ t a n s
unbrūks	u n b r u k s
und	u n d
undar	u n d a r
undarists	u n d a r ɪ s t s
undarleija	u n d a r l i j a
undarleis	u n d a r l i s
undarō	u n d a r o
undaúrnimats	u n d ɔ r n ɪ m a t s
undgreip	u n d ɡ r i p
undiwanei	u n d ɪ w a n i
undiwans	u n d ɪ w a n s
undrēd	u n d r e ð
undrinn	u n d r ɪ nː
unfagrs	u n ɸ a ɣ r̥ s
unfaírina	u n ɸ ɛ r ɪ n a
unfaírinōdaba	u n ɸ ɛ r ɪ n o ð a β a
unfaírlaistiþs	u n ɸ ɛ r l ɛ s t ɪ θ s
unfaurs	u n ɸ ɔ r s
unfaúrweis	u n ɸ ɔ r w i s
unfraþjands	u n ɸ r a θ j a n d s
unfreideins	u n ɸ r i ð i n s
unfrōdei	u n ɸ r o ð i
unfrōþs	u n ɸ r o θ s
ungafaírinōnds	u n ɡ a ɸ ɛ r ɪ n o n d s
ungafaírinōþs	u n ɡ a ɸ ɛ r ɪ n o θ s
ungahabandssik	u n ɡ a h a β a n d sː ɪ k
ungahōbains	u n ɡ a h o β ɛ n s
ungaƕaírbs	u n ɡ a ʍ ɛ r b s
ungakusans	u n ɡ a k u s a n s
ungalaubeins	u n ɡ a l ɔ β i n s
ungalaubjands	u n ɡ a l ɔ β j a n d s
ungalaufs	u n ɡ a l ɔ ɸ s
ungaraíhtei	u n ɡ a r ɛ h t i
ungasaíƕans	u n ɡ a s ɛ ʍ a n s
ungastōþs	u n ɡ a s t o θ s
ungatass	u n ɡ a t a sː
ungatassaba	u n ɡ a t a sː a β a
ungatēwiþs	u n ɡ a t e w ɪ θ s
ungawagiþs	u n ɡ a w a ɣ ɪ θ s
unhabands	u n h a β a n d s
unhaili	u n h ɛ l ɪ
unhails	u n h ɛ l s
unhanduwaúrhts	u n h a n d u w ɔ r h t s
unhindarweis	u n h ɪ n d a r w i s
unhrainei	u n h r ɛ n i
unhrainiþa	u n h r ɛ n ɪ θ a
unhrains	u n h r ɛ n s
unhulþa	u n h u l θ a
unhulþō	u n h u l θ o
unhunslags	u n h u n s l a ɣ s
unƕapnands	u n ʍ a p n a n d s
unƕeila	u n ʍ i l a
unkarja	u n k a r j a
unkaúreins	u n k ɔ r i n s
unkunnands	u n k u nː a n d s
unkunþi	u n k u n θ ɪ
unkunþs	u n k u n θ s
unlēdi	u n l e ð ɪ
unlēdj	u n l e ð j
unlēþs	u n l e θ s
unliufs	u n l ɪ u ɸ s
unliugaiþs	u n l ɪ u ɣ ɛ θ s
unliugands	u n l ɪ u ɣ a n d s
unliuts	u n l ɪ u t s
unlustus	u n l u s t u s
unmahteigs	u n m a h t i ɣ s
unmahts	u n m a h t s
unmanariggws	u n m a n a r ɪ ɡ ɡ w s
unmanwus	u n m a n w u s
unmilds	u n m ɪ l d s
unnuts	u nː u t s
unqēniþs	u n kʷ e n ɪ θ s
unqēþs	u n kʷ e θ s
unriurei	u n r ɪ u r i
unriureis	u n r ɪ u r i s
unrōdjands	u n r o ð j a n d s
unsahtaba	u n s a h t a β a
unsaíƕands	u n s ɛ ʍ a n d s
unsaltans	u n s a l t a n s
unsar	u n s a r
unsēlei	u n s e l i
unsēls	u n s e l s
unsibjis	u n s ɪ β j ɪ s
unskaus	u n s k ɔ s
unsūti	u n s u t ɪ
unsweibands	u n s w i β a n d s
unswēr	u n s w e r
unswērei	u n s w e r i
unswēriþa	u n s w e r ɪ θ a
unswērs	u n s w e r s
unswikunþs	u n s w ɪ k u n θ s
untals	u n t a l s
untē	u n t e
untilamalsks	u n t ɪ l a m a l s k s
untriggws	u n t r ɪ ɡ ɡ w s
unþaþlíuh	u n θ a θ l i u h
unþiuda	u n θ ɪ u ð a
unþiuþ	u n θ ɪ u θ
unþiuþj	u n θ ɪ u θ j
unþwahans	u n θ w a h a n s
unufbrikands	u n u ɸ b r ɪ k a n d s
unūhteigō	u n u h t i ɣ o
unūhteigs	u n u h t i ɣ s
unuslaisiþs	u n u s l ɛ s ɪ θ s
unusspillōþs	u n u sː p ɪ lː o θ s
unwāhs	u n w a h s
unwaírþaba	u n w ɛ r θ a β a
unwaírþs	u n w ɛ r θ s
unwammei	u n w a mː i
unwamms	u n w a mː s
unwaúrstwō	u n w ɔ r s t w o
unweis	u n w i s
unwēniggō	u n w e n ɪ ŋ ɡ o
unwērei	u n w e r i
unwērj	u n w e r j
unwērs	u n w e r s
unwiss	u n w ɪ sː
unwita	u n w ɪ t a
unwitands	u n w ɪ t a n d s
unwiti	u n w ɪ t ɪ
unwunands	u n w u n a n d s
ur	u r
urraisj	u rː ɛ s j
urrannj	u rː a nː j
urrēd	u rː e ð
urreis	u rː i s
urrinn	u rː ɪ nː
urrists	u rː ɪ s t s
urrugks	u rː u ŋ k s
urrūmn	u rː u m n̥
urruns	u rː u n s
ūrs	u r s
us	u s
usagj	u s a ɣ j
usaglj	u s a ɣ l j
usaiwj	u s ɛ w j
usalþ	u s a l θ
usbaír	u s b ɛ r
usbalþei	u s b a l θ i
usbalþj	u s b a l θ j
usbaugj	u s b ɔ ɣ j
usbeid	u s b i ð
usbeisnei	u s b i s n i
usbeisneigs	u s b i s n i ɣ s
usbeisns	u s b i s n̥ s
usbid	u s b ɪ ð
usbliggw	u s b l ɪ ɡ ɡ w
usblōt	u s b l o t
usblōteins	u s b l o t i n s
usbraidj	u s b r ɛ ð j
usbrukn	u s b r u k n̥
usbugj	u s b u ɣ j
usdaudei	u s d ɔ ð i
usdaudj	u s d ɔ ð j
usdaudō	u s d ɔ ð o
usdauþs	u s d ɔ θ s
usdreib	u s d r i β
usdrius	u s d r ɪ u s
usdrusts	u s d r u s t s
usfaírina	u s ɸ ɛ r ɪ n a
usfarþō	u s ɸ a r θ o
usfarþōn	u s ɸ a r θ o n
usfilh	u s ɸ ɪ l h
usfilma	u s ɸ ɪ l m a
usfilmei	u s ɸ ɪ l m i
usfōdeins	u s ɸ o ð i n s
usfōdj	u s ɸ o ð j
usfrais	u s ɸ r ɛ s
usfratwj	u s ɸ r a t w j
usfulleins	u s ɸ u lː i n s
usfullj	u s ɸ u lː j
usfulln	u s ɸ u lː n
usgagg	u s ɡ a ŋ ɡ
usgaisj	u s ɡ ɛ s j
usgeisn	u s ɡ i s n̥
usgib	u s ɡ ɪ β
usgild	u s ɡ ɪ l d
usgrab	u s ɡ r a β
usgrudja	u s ɡ r u ð j a
usgutn	u s ɡ u t n̥
ushafj	u s h a ɸ j
ushāhansik	u s h a h a n s ɪ k
ushaista	u s h ɛ s t a
ushait	u s h ɛ t
ushauhj	u s h ɔ h j
ushauhn	u s h ɔ h n̥
ushinþ	u s h ɪ n θ
ushlaup	u s h l ɔ p
ushrainj	u s h r ɛ n j
ushramj	u s h r a m j
ushrisj	u s h r ɪ s j
ushulōn	u s h u l o n
uskannj	u s k a nː j
uskein	u s k i n
uskius	u s k ɪ u s
uskunþs	u s k u n θ s
uslagj	u s l a ɣ j
uslaisiþs	u s l ɛ s ɪ θ s
uslaisj	u s l ɛ s j
uslaubj	u s l ɔ β j
uslauseins	u s l ɔ s i n s
uslausj	u s l ɔ s j
usleiþ	u s l i θ
uslēt	u s l e t
usliþa	u s l ɪ θ a
usluk	u s l u k
uslūk	u s l u k
uslūkn	u s l u k n̥
usluneins	u s l u n i n s
uslunj	u s l u n j
uslutōn	u s l u t o n
usmait	u s m ɛ t
usmanagn	u s m a n a ɣ n̥
usmērj	u s m e r j
usmērn	u s m e r n̥
usmēt	u s m e t
usmit	u s m ɪ t
usnim	u s n ɪ m
usqim	u s kʷ ɪ m
usqiss	u s kʷ ɪ sː
usqistj	u s kʷ ɪ s t j
usqiþ	u s kʷ ɪ θ
usrūmn	u s r u m n̥
ussaíƕ	u sː ɛ ʍ
ussak	u sː a k
ussalj	u sː a l j
ussandj	u sː a n d j
ussateins	u sː a t i n s
ussatj	u sː a t j
ussiggw	u sː ɪ ɡ ɡ w
ussindō	u sː ɪ n d o
ussinþs	u sː ɪ n θ s
ussit	u sː ɪ t
usskarj	u sː k a r j
ussōkj	u sː o k j
usspillōn	u sː p ɪ lː o n
usspillōþs	u sː p ɪ lː o θ s
usstagg	u sː t a ŋ ɡ
usstand	u sː t a n d
usstass	u sː t a sː
ussteig	u sː t i ɣ
usstiurei	u sː t ɪ u r i
usstiuriba	u sː t ɪ u r ɪ β a
usstiurs	u sː t ɪ u r s
ustaikneins	u s t ɛ k n i n s
ustaiknj	u s t ɛ k n j
ustaúhts	u s t ɔ h t s
ustiuh	u s t ɪ u h
usþins	u s θ ɪ n s
usþriut	u s θ r ɪ u t
usþrōþeins	u s θ r o θ i n s
usþrōþj	u s θ r o θ j
usþulains	u s θ u l ɛ n s
usþul	u s θ u l
usþwah	u s θ w a h
uswagj	u s w a ɣ j
uswahsans	u s w a h s a n s
uswahsj	u s w a h s j
uswahsts	u s w a h s t s
uswaírp	u s w ɛ r p
uswakj	u s w a k j
uswalteins	u s w a l t i n s
uswaltj	u s w a l t j
uswalugj	u s w a l u ɣ j
uswandeins	u s w a n d i n s
uswandi	u s w a n d ɪ
uswandj	u s w a n d j
uswaúrhts	u s w ɔ r h t s
uswaúrkj	u s w ɔ r k j
uswaúrpa	u s w ɔ r p a
usweihs	u s w i h s
uswēna	u s w e n a
uswind	u s w ɪ n d
uswiss	u s w ɪ sː
uswissi	u s w ɪ sː ɪ
ūt	u t
ūta	u t a
ūtana	u t a n a
ūtaþrō	u t a θ r o
ūtbaír	u t b ɛ r
ūtgagg	u t ɡ a ŋ ɡ
uzan	u z a n
uzds	u z d s
uzēta	u z e t a
wad	w a ð
waddjus	w a dː j u s
wadi	w a ð ɪ
wadjabōkōs	w a ð j a β o k o s
wadjōn	w a ð j o n
wagga	w a ŋ ɡ a
waggāreis	w a ŋ ɡ a r i s
waggō	w a ŋ ɡ o
waggs	w a ŋ ɡ s
waghen	w a ɣ h e n
wagj	w a ɣ j
wāhs	w a h s
wahsj	w a h s j
wahsts	w a h s t s
wahstus	w a h s t u s
wahtwō	w a h t w o
wai	w ɛ
wái	w ɛ
waibj	w ɛ β j
waida	w ɛ ð a
waidēdja	w ɛ ð e ð j a
waidēþs	w ɛ ð e θ s
waifaírƕj	w ɛ ɸ ɛ r ʍ j
waihjō	w ɛ h j o
waíhsta	w ɛ h s t a
waíhstastains	w ɛ h s t a s t ɛ n s
waíht	w ɛ h t
waíhts	w ɛ h t s
waíla	w ɛ l a
waíladēþs	w ɛ l a ð e θ s
waílamērei	w ɛ l a m e r i
waílamēreins	w ɛ l a m e r i n s
waílamēreis	w ɛ l a m e r i s
waílamērj	w ɛ l a m e r j
waílaqiss	w ɛ l a kʷ ɪ sː
waílaspillōn	w ɛ l a s p ɪ lː o n
waílawizns	w ɛ l a w ɪ z n̥ s
wainahs	w ɛ n a h s
wainei	w ɛ n i
wainj	w ɛ n j
wainōn	w ɛ n o n
waipj	w ɛ p j
waips	w ɛ p s
waír	w ɛ r
waíraleikō	w ɛ r a l i k o
waíraleiks	w ɛ r a l i k s
waírdus	w ɛ r d u s
waírilō	w ɛ r ɪ l o
waírp	w ɛ r p
waírs	w ɛ r s
waírsiza	w ɛ r s ɪ z a
waírþ	w ɛ r θ
waírþaba	w ɛ r θ a β a
waírþeigs	w ɛ r θ i ɣ s
waírþi	w ɛ r θ ɪ
waírþida	w ɛ r θ ɪ ð a
waírþis	w ɛ r θ ɪ s
waírþja	w ɛ r θ j a
waírþj	w ɛ r θ j
waírþn	w ɛ r θ n̥
waírþōn	w ɛ r θ o n
waírþs	w ɛ r θ s
waitei	w ɛ t i
waiþja	w ɛ θ j a
wajamērei	w a j a m e r i
wajamēreins	w a j a m e r i n s
wajamēreis	w a j a m e r i s
wajamērj	w a j a m e r j
wak	w a k
wakj	w a k j
wakn	w a k n̥
wakrs	w a k r̥ s
wala	w a l a
walda	w a l d a
wald	w a l d
waldands	w a l d a n d s
walds	w a l d s
waldufni	w a l d u ɸ n ɪ
waldus	w a l d u s
waleins	w a l i n s
walgj	w a l ɡ j
walhs	w a l h s
walisa	w a l ɪ s a
walj	w a l j
walteins	w a l t i n s
waltj	w a l t j
walugj	w a l u ɣ j
walus	w a l u s
walwisōn	w a l w ɪ s o n
walwj	w a l w j
wamba	w a m b a
wamm	w a mː
wammei	w a mː i
wammj	w a mː j
wamms	w a mː s
w	w
wanains	w a n ɛ n s
wan	w a n
Wandals	w a n d a l s
wandeins	w a n d i n s
wandi	w a n d ɪ
wandj	w a n d j
wandus	w a n d u s
waninassus	w a n ɪ n a sː u s
wans	w a n s
warda	w a r d a
wardeins	w a r d i n s
wardja	w a r d j a
wardō	w a r d o
wardōn	w a r d o n
wards	w a r d s
warei	w a r i
wargeins	w a r ɡ i n s
wargiþa	w a r ɡ ɪ θ a
wargj	w a r ɡ j
wargs	w a r ɡ s
warj	w a r j
warmj	w a r m j
warms	w a r m̥ s
warnj	w a r n j
warōn	w a r o n
wars	w a r s
waseins	w a s i n s
wasj	w a s j
wasti	w a s t ɪ
watō	w a t o
waúrd	w ɔ r d
waúrdahs	w ɔ r d a h s
waúrdajiuka	w ɔ r d a j ɪ u k a
waúrdei	w ɔ r d i
waúrdi	w ɔ r d ɪ
waúrhts	w ɔ r h t s
waúrk	w ɔ r k
waúrki	w ɔ r k ɪ
waúrkj	w ɔ r k j
waúrms	w ɔ r m̥ s
waúrstw	w ɔ r s t w
waúrstwa	w ɔ r s t w a
waúrstwei	w ɔ r s t w i
waúrstweigs	w ɔ r s t w i ɣ s
waúrstwja	w ɔ r s t w j a
waúrstws	w ɔ r s t w s
waúrts	w ɔ r t s
wēgs	w e ɣ s
weida	w i ð a
weidōn	w i ð o n
weif	w i ɸ
weigs	w i ɣ s
weih	w i h
weiha	w i h a
weihaba	w i h a β a
weihiþa	w i h ɪ θ a
weihn	w i h n̥
weihs	w i h s
wein	w i n
weinabasi	w i n a β a s ɪ
weinagards	w i n a ɣ a r d s
weinags	w i n a ɣ s
weinatains	w i n a t ɛ n s
weinatriu	w i n a t r ɪ u
weindrugkja	w i n d r u ŋ k j a
weip	w i p
weis	w i s
weisa	w i s a
weisei	w i s i
weisj	w i s j
weisōn	w i s o n
weit	w i t
weiti	w i t ɪ
weitj	w i t j
weitwōdei	w i t w o ð i
weitwōdeins	w i t w o ð i n s
weitwōdi	w i t w o ð ɪ
weitwōdiþa	w i t w o ð ɪ θ a
weitwōdj	w i t w o ð j
weitwōþs	w i t w o θ s
wēniggō	w e n ɪ ŋ ɡ o
wēnj	w e n j
wēns	w e n s
wēpn	w e p n̥
wēreis	w e r i s
wērj	w e r j
wērjands	w e r j a n d s
wēsei	w e s i
wida	w ɪ ð a
wīda	w i ð a
wid	w ɪ ð
wīds	w i ð s
widus	w ɪ ð u s
widuwaírna	w ɪ ð u w ɛ r n a
widuwō	w ɪ ð u w o
wigadeinō	w ɪ ɣ a ð i n o
wig	w ɪ ɣ
wigis	w ɪ ɣ ɪ s
wigs	w ɪ ɣ s
wīhj	w i h j
wikō	w ɪ k o
wilja	w ɪ l j a
wiljahalþei	w ɪ l j a h a l θ i
wiljahalþs	w ɪ l j a h a l θ s
wilj	w ɪ l j
wiljei	w ɪ l j i
wilt	w ɪ l t
wilþeis	w ɪ l θ i s
wilwa	w ɪ l w a
wilw	w ɪ l w
windags	w ɪ n d a ɣ s
wind	w ɪ n d
windiþa	w ɪ n d ɪ θ a
winds	w ɪ n d s
Winiþs	w ɪ n ɪ θ s
winja	w ɪ n j a
winna	w ɪ nː a
winn	w ɪ nː
winne	w ɪ nː e
winnō	w ɪ nː o
wins	w ɪ n s
wintrus	w ɪ n t r u s
winþeis	w ɪ n θ i s
winþiskaúrō	w ɪ n θ ɪ s k ɔ r o
winþj	w ɪ n θ j
wipja	w ɪ p j a
wis	w ɪ s
wīs	w i s
Wisands	w ɪ s a n d s
Wisigoti	w ɪ s ɪ ɣ o t ɪ
wiss	w ɪ sː
wissei	w ɪ sː i
wissi	w ɪ sː ɪ
wist	w ɪ s t
wista	w ɪ s t a
wistr	w ɪ s t r̥
wistra	w ɪ s t r a
wists	w ɪ s t s
wisus	w ɪ s u s
wit	w ɪ t
wita	w ɪ t a
witains	w ɪ t ɛ n s
witands	w ɪ t a n d s
witi	w ɪ t ɪ
witōdafasteis	w ɪ t o ð a ɸ a s t i s
witōdafasts	w ɪ t o ð a ɸ a s t s
witōdalaisāreis	w ɪ t o ð a l ɛ s a r i s
witōdalaus	w ɪ t o ð a l ɔ s
witōdeigō	w ɪ t o ð i ɣ o
witōþ	w ɪ t o θ
witōþs	w ɪ t o θ s
wits	w ɪ t s
witubni	w ɪ t u β n ɪ
wituls	w ɪ t u l s
wiþōn	w ɪ θ o n
wiþra	w ɪ θ r a
wiþragagg	w ɪ θ r a ɣ a ŋ ɡ
wiþragamōtj	w ɪ θ r a ɣ a m o t j
wiþrawaírþs	w ɪ θ r a w ɛ r θ s
wiþrus	w ɪ θ r u s
wizdila	w ɪ z d ɪ l a
wizdils	w ɪ z d ɪ l s
wizneigs	w ɪ z n i ɣ s
wizns	w ɪ z n̥ s
wizōn	w ɪ z o n
wlaitōn	w l ɛ t o n
wleit	w l i t
wleizn	w l i z n̥
wliti	w l ɪ t ɪ
wlits	w l ɪ t s
wlizj	w l ɪ z j
wōkains	w o k ɛ n s
wōk	w o k
wōkrs	w o k r̥ s
wōpj	w o p j
wōþeis	w o θ i s
wōþs	w o θ s
wraiqs	w r ɛ kʷ s
wraka	w r a k a
wrakja	w r a k j a
wrakj	w r a k j
wraks	w r a k s
wranks	w r a n k s
wratōdus	w r a t o ð u s
wratōn	w r a t o n
wreit	w r i t
wrēkei	w r e k i
wrēks	w r e k s
wrēþus	w r e θ u s
wrigg	w r ɪ ŋ ɡ
wrik	w r ɪ k
wrisq	w r ɪ s kʷ
writs	w r ɪ t s
wrōhj	w r o h j
wrōhs	w r o h s
wrōtj	w r o t j
wruggō	w r u ŋ ɡ o
wul	w u l
wulfs	w u l ɸ s
wulla	w u lː a
wullāreis	w u lː a r i s
wulþags	w u l θ a ɣ s
wulþrs	w u l θ r̥ s
wulþus	w u l θ u s
wulwa	w u l w a
wun	w u n
wunands	w u n a n d s
wundōn	w u n d o n
wunds	w u n d s
wundufni	w u n d u ɸ n ɪ
wunns	w u nː s
wunsk	w u n s k
Zēlōtēs	z e l o t e s
